race_key,trifecta_odds,true_order_rank,pl_top1_prob,pl_top2_prob,pl_gap,pl_top1,score_entropy,score_var,venue,air_temp,water_temp,wind_speed,wave_height,wind_dir_deg,condition,bin,top_n,roi_bin,n_races_bin,hit_rate_bin,avg_odds_on_hits_bin
2025-01-01-02-若 松,84.8,121,0.16514816651201253,0.11781211654731533,0.0473360499646972,3-2-1,1.0646450533009912,1.467468344658317,若 松,,,2.0,0.02,0.0,pl_prob_bin,"(0.116, 0.206]",1,0.3265822784810127,395,0.030379746835443037,43.666666666666664
2025-01-01-04-若 松,15.4,20,0.18692718836034738,0.1299999345582422,0.0569272538021052,4-5-2,1.0664612041501211,1.9448466776449198,若 松,,,2.0,0.02,315.0,pl_prob_bin,"(0.116, 0.206]",1,0.3265822784810127,395,0.030379746835443037,43.666666666666664
2025-01-01-05-若 松,2.6,5,0.17360894618678027,0.11273905679027842,0.060869889396501856,1-2-4,1.0784540113934977,1.6364102908436686,若 松,,,1.0,0.01,0.0,pl_prob_bin,"(0.116, 0.206]",1,0.3265822784810127,395,0.030379746835443037,43.666666666666664
2025-01-01-07-若 松,4.8,11,0.15980097095418452,0.11573552261754162,0.0440654483366429,1-3-2,1.3031766143815537,1.6153941206683893,若 松,,,1.0,0.01,0.0,pl_prob_bin,"(0.116, 0.206]",1,0.3265822784810127,395,0.030379746835443037,43.666666666666664
2025-01-01-08-若 松,3.6,5,0.1697277793070721,0.12189951226046035,0.047828267046611764,1-3-2,1.192995245726818,1.4344239211753427,若 松,,,1.0,0.01,315.0,pl_prob_bin,"(0.116, 0.206]",1,0.3265822784810127,395,0.030379746835443037,43.666666666666664
2025-01-01-11-若 松,30.6,115,0.15157002733119265,0.12588956895963646,0.025680458371556192,1-3-6,1.136988809803634,1.5957049475868523,若 松,,,1.0,0.01,0.0,pl_prob_bin,"(0.116, 0.206]",1,0.3265822784810127,395,0.030379746835443037,43.666666666666664
2025-01-01-12-若 松,27.8,130,0.12000121330613124,0.10724088038942359,0.012760332916707653,1-4-2,1.1820937068961923,1.1878076028940436,若 松,,,1.0,0.01,0.0,pl_prob_bin,"(0.116, 0.206]",1,0.3265822784810127,395,0.030379746835443037,43.666666666666664
2025-01-02-02-若 松,13.8,6,0.11937286198774996,0.08763096284068966,0.0317418991470603,5-1-2,1.2563119275085017,1.2695624674456105,若 松,,,2.0,0.02,315.0,pl_prob_bin,"(0.116, 0.206]",1,0.3265822784810127,395,0.030379746835443037,43.666666666666664
2025-01-02-04-若 松,11.3,1,0.12685541879567416,0.11096129861325603,0.015894120182418134,1-6-3,1.366391662711376,1.6145854480705681,若 松,,,1.0,0.01,0.0,pl_prob_bin,"(0.116, 0.206]",1,0.3265822784810127,395,0.030379746835443037,43.666666666666664
2025-01-02-05-若 松,20.7,32,0.15562823160256087,0.12590825044950515,0.029719981153055713,1-4-2,1.2671147999154535,1.5162890343743394,若 松,,,1.0,0.01,0.0,pl_prob_bin,"(0.116, 0.206]",1,0.3265822784810127,395,0.030379746835443037,43.666666666666664
2025-01-02-06-若 松,20.9,95,0.14479460364797295,0.1113443100269016,0.03345029362107135,1-3-4,1.2917664891580658,1.6175705707361718,若 松,,,1.0,0.01,0.0,pl_prob_bin,"(0.116, 0.206]",1,0.3265822784810127,395,0.030379746835443037,43.666666666666664
2025-01-02-10-若 松,11.0,31,0.14137168444026005,0.10369059519562321,0.03768108924463684,1-4-5,1.2538884565907789,1.4417108362644244,若 松,,,1.0,0.01,0.0,pl_prob_bin,"(0.116, 0.206]",1,0.3265822784810127,395,0.030379746835443037,43.666666666666664
2025-01-03-01-若 松,34.4,140,0.15279526608910146,0.12378295330905714,0.02901231278004432,2-1-4,1.1461366540732498,1.5070190754264878,若 松,,,3.0,0.03,45.0,pl_prob_bin,"(0.116, 0.206]",1,0.3265822784810127,395,0.030379746835443037,43.666666666666664
2025-01-03-04-若 松,16.8,13,0.13601350751109906,0.114235898552349,0.021777608958750055,3-1-4,1.330595984550419,1.469799105440902,若 松,,,3.0,0.03,45.0,pl_prob_bin,"(0.116, 0.206]",1,0.3265822784810127,395,0.030379746835443037,43.666666666666664
2025-01-03-10-若 松,126.9,466,0.13469812667586772,0.116756960701363,0.017941165974504722,1-4-3,1.2894597418715787,1.2343049769438414,若 松,,,2.0,0.02,45.0,pl_prob_bin,"(0.116, 0.206]",1,0.3265822784810127,395,0.030379746835443037,43.666666666666664
2025-01-03-12-若 松,112.9,46,0.12644051591934385,0.0836415206012574,0.04279899531808645,2-1-3,1.23152087083371,1.3501880236508492,若 松,,,2.0,0.02,0.0,pl_prob_bin,"(0.116, 0.206]",1,0.3265822784810127,395,0.030379746835443037,43.666666666666664
2025-01-04-04-若 松,117.0,231,0.12091666155234289,0.10717231908469052,0.013744342467652368,4-2-1,1.2257972203902892,1.0381902099122995,若 松,,,2.0,0.02,315.0,pl_prob_bin,"(0.116, 0.206]",1,0.3265822784810127,395,0.030379746835443037,43.666666666666664
2025-01-04-09-若 松,76.1,388,0.15739968439160845,0.13731850531269824,0.020081179078910216,1-3-2,1.299970258833968,1.4164924458430292,若 松,,,1.0,0.01,0.0,pl_prob_bin,"(0.116, 0.206]",1,0.3265822784810127,395,0.030379746835443037,43.666666666666664
2025-01-04-12-若 松,48.1,66,0.1546288748103127,0.11961526462722774,0.035013610183084964,1-3-2,1.2640202191768324,1.5556325842493532,若 松,,,1.0,0.01,0.0,pl_prob_bin,"(0.116, 0.206]",1,0.3265822784810127,395,0.030379746835443037,43.666666666666664
2025-01-05-01-若 松,361.7,227,0.122433533975227,0.09074133093275011,0.031692203042476885,1-2-3,1.2681685145855768,1.2376225417309838,若 松,,,2.0,0.02,315.0,pl_prob_bin,"(0.116, 0.206]",1,0.3265822784810127,395,0.030379746835443037,43.666666666666664
2025-01-05-04-若 松,19.7,12,0.11736785500519155,0.09432683682573947,0.023041018179452075,4-6-1,1.3948873670519621,1.3875890687577812,若 松,,,3.0,0.03,45.0,pl_prob_bin,"(0.116, 0.206]",1,0.3265822784810127,395,0.030379746835443037,43.666666666666664
2025-01-05-05-若 松,13.9,51,0.12053453963023156,0.10477252205817117,0.01576201757206039,2-1-3,1.3931629265881127,1.380791750147284,若 松,,,2.0,0.02,45.0,pl_prob_bin,"(0.116, 0.206]",1,0.3265822784810127,395,0.030379746835443037,43.666666666666664
2025-01-05-06-若 松,101.7,43,0.14269879057231363,0.11864221525266498,0.02405657531964865,1-4-3,1.266369353861455,1.249416957016915,若 松,,,3.0,0.03,45.0,pl_prob_bin,"(0.116, 0.206]",1,0.3265822784810127,395,0.030379746835443037,43.666666666666664
2025-01-05-07-若 松,30.4,158,0.12389826126811515,0.0935959276681631,0.030302333599952047,1-3-4,1.2947354480805304,1.3972598338287563,若 松,,,3.0,0.03,45.0,pl_prob_bin,"(0.116, 0.206]",1,0.3265822784810127,395,0.030379746835443037,43.666666666666664
2025-01-05-10-若 松,119.9,40,0.1245509813206936,0.12075756857692384,0.003793412743769764,1-2-3,1.2285580534938851,1.3768102496873065,若 松,,,3.0,0.03,45.0,pl_prob_bin,"(0.116, 0.206]",1,0.3265822784810127,395,0.030379746835443037,43.666666666666664
2025-01-13-05-若 松,4.5,13,0.1359423751298119,0.12858711515748816,0.007355259972323724,1-4-2,1.304855607812999,1.2951456952073033,若 松,,,5.0,0.05,270.0,pl_prob_bin,"(0.116, 0.206]",1,0.3265822784810127,395,0.030379746835443037,43.666666666666664
2025-01-14-04-若 松,63.2,572,0.131320419173772,0.1120706805596327,0.019249738614139297,2-3-6,1.266549850221074,1.7637819513605886,若 松,,,3.0,0.03,225.0,pl_prob_bin,"(0.116, 0.206]",1,0.3265822784810127,395,0.030379746835443037,43.666666666666664
2025-01-15-01-若 松,8.6,2,0.12601377845138537,0.09628891295664956,0.02972486549473581,1-4-3,1.2369443583803237,1.0916823073176023,若 松,,,3.0,0.03,0.0,pl_prob_bin,"(0.116, 0.206]",1,0.3265822784810127,395,0.030379746835443037,43.666666666666664
2025-01-15-08-若 松,355.9,427,0.14036353507912716,0.13111910434606902,0.00924443073305814,2-3-1,1.3328200791231364,1.390168778651385,若 松,,,2.0,0.02,0.0,pl_prob_bin,"(0.116, 0.206]",1,0.3265822784810127,395,0.030379746835443037,43.666666666666664
2025-01-15-09-若 松,68.5,40,0.13793249044016961,0.11591028861459786,0.022022201825571755,1-2-5,1.280904524427478,1.2518370020433813,若 松,,,2.0,0.02,0.0,pl_prob_bin,"(0.116, 0.206]",1,0.3265822784810127,395,0.030379746835443037,43.666666666666664
2025-01-15-11-若 松,8.9,13,0.13148124060497465,0.08195764340982412,0.04952359719515054,1-3-2,1.1697243370448398,1.2192260080508177,若 松,,,1.0,0.01,0.0,pl_prob_bin,"(0.116, 0.206]",1,0.3265822784810127,395,0.030379746835443037,43.666666666666664
2025-01-15-12-若 松,10.9,32,0.13698789194254063,0.08020499608616867,0.05678289585637196,1-4-3,1.2400186753704245,1.3755674439448675,若 松,,,1.0,0.01,0.0,pl_prob_bin,"(0.116, 0.206]",1,0.3265822784810127,395,0.030379746835443037,43.666666666666664
2025-01-16-10-若 松,9.9,3,0.13916916949222904,0.09908288495635603,0.04008628453587301,1-3-4,1.315537929410176,1.2872616273205535,若 松,,,3.0,0.03,270.0,pl_prob_bin,"(0.116, 0.206]",1,0.3265822784810127,395,0.030379746835443037,43.666666666666664
2025-01-17-01-若 松,16.5,15,0.12684968043381945,0.10100812051205509,0.02584155992176436,3-1-2,1.3064227284268666,1.125488135640053,若 松,,,1.0,0.01,315.0,pl_prob_bin,"(0.116, 0.206]",1,0.3265822784810127,395,0.030379746835443037,43.666666666666664
2025-01-17-03-若 松,60.5,46,0.13875152956907158,0.13437762796512498,0.0043739016039466005,2-4-6,1.169005295516413,1.616148574204723,若 松,,,2.0,0.02,315.0,pl_prob_bin,"(0.116, 0.206]",1,0.3265822784810127,395,0.030379746835443037,43.666666666666664
2025-01-17-05-若 松,100.6,23,0.12302762057214509,0.1112265744793932,0.011801046092751885,1-2-4,1.2405844505574923,1.3822025547838124,若 松,,,1.0,0.01,315.0,pl_prob_bin,"(0.116, 0.206]",1,0.3265822784810127,395,0.030379746835443037,43.666666666666664
2025-01-17-07-若 松,,24,0.20065186589188813,0.15849848943920034,0.042153376452687796,1-2-6,1.2318583329523578,2.6842869821587736,若 松,,,1.0,0.01,0.0,pl_prob_bin,"(0.116, 0.206]",1,0.3265822784810127,395,0.030379746835443037,43.666666666666664
2025-01-17-08-若 松,8.5,29,0.15545712027593211,0.10398920108567751,0.051467919190254605,1-4-2,1.2037864209897435,1.5680361620641161,若 松,,,1.0,0.01,0.0,pl_prob_bin,"(0.116, 0.206]",1,0.3265822784810127,395,0.030379746835443037,43.666666666666664
2025-01-17-09-若 松,6.8,35,0.12391924866044664,0.09985465164935899,0.02406459701108765,1-2-3,1.2868846694253904,1.608325242796429,若 松,,,1.0,0.01,0.0,pl_prob_bin,"(0.116, 0.206]",1,0.3265822784810127,395,0.030379746835443037,43.666666666666664
2025-01-17-10-若 松,14.0,33,0.14927288794288177,0.09727795047305969,0.051994937469822075,1-2-3,1.2613290962995336,1.3903166883662887,若 松,,,1.0,0.01,0.0,pl_prob_bin,"(0.116, 0.206]",1,0.3265822784810127,395,0.030379746835443037,43.666666666666664
2025-01-17-11-若 松,589.0,105,0.19046903035510065,0.12391244670998049,0.06655658364512017,1-3-2,1.2198874363274985,1.5889877326196364,若 松,,,1.0,0.01,0.0,pl_prob_bin,"(0.116, 0.206]",1,0.3265822784810127,395,0.030379746835443037,43.666666666666664
2025-01-18-05-若 松,6.3,3,0.13175128414732037,0.11735471921911808,0.014396564928202293,1-4-2,1.2116823860790402,1.3013942989244416,若 松,,,3.0,0.03,90.0,pl_prob_bin,"(0.116, 0.206]",1,0.3265822784810127,395,0.030379746835443037,43.666666666666664
2025-01-18-08-若 松,98.2,10,0.1581942996878789,0.14427547027355125,0.01391882941432765,2-1-3,1.2401013379522299,1.7341952513318055,若 松,,,3.0,0.03,90.0,pl_prob_bin,"(0.116, 0.206]",1,0.3265822784810127,395,0.030379746835443037,43.666666666666664
2025-01-18-10-若 松,30.9,9,0.1331349336266107,0.11163426899466244,0.021500664631948246,1-2-3,1.3552635476732409,1.4234441090369723,若 松,,,3.0,0.03,90.0,pl_prob_bin,"(0.116, 0.206]",1,0.3265822784810127,395,0.030379746835443037,43.666666666666664
2025-01-19-01-若 松,5.8,8,0.13267301747292068,0.11414435250511278,0.018528664967807904,1-4-2,1.2439191387551727,1.2904159557371755,若 松,,,2.0,0.02,45.0,pl_prob_bin,"(0.116, 0.206]",1,0.3265822784810127,395,0.030379746835443037,43.666666666666664
2025-01-19-02-若 松,8.7,1,0.141534754372538,0.10356458678248398,0.03797016759005403,1-2-3,1.2173298069832756,1.4739214509446381,若 松,,,1.0,0.01,0.0,pl_prob_bin,"(0.116, 0.206]",1,0.3265822784810127,395,0.030379746835443037,43.666666666666664
2025-01-19-07-若 松,19.6,24,0.11646340913018237,0.09388031846836654,0.022583090661815824,1-4-6,1.3023455098794943,2.005461880574139,若 松,,,1.0,0.01,0.0,pl_prob_bin,"(0.116, 0.206]",1,0.3265822784810127,395,0.030379746835443037,43.666666666666664
2025-01-19-11-若 松,66.5,34,0.12449512881522135,0.08709726088583367,0.03739786792938768,1-3-6,1.1984421826983114,1.2176708690917784,若 松,,,1.0,0.01,0.0,pl_prob_bin,"(0.116, 0.206]",1,0.3265822784810127,395,0.030379746835443037,43.666666666666664
2025-01-19-12-若 松,11.6,34,0.11902011081435859,0.09319613927312037,0.025823971541238222,1-2-3,1.374371202185312,1.7501928807405316,若 松,,,1.0,0.01,0.0,pl_prob_bin,"(0.116, 0.206]",1,0.3265822784810127,395,0.030379746835443037,43.666666666666664
2025-01-26-01-若 松,64.4,84,0.12251578543679609,0.10426391314002148,0.018251872296774607,3-1-2,1.3935261472609788,1.4549635860103074,若 松,,,4.0,0.04,90.0,pl_prob_bin,"(0.116, 0.206]",1,0.3265822784810127,395,0.030379746835443037,43.666666666666664
2025-01-26-02-若 松,41.9,22,0.1607485472696919,0.0973831064468789,0.063365440822813,2-3-4,1.2337573134266757,1.3193034642673476,若 松,,,3.0,0.03,90.0,pl_prob_bin,"(0.116, 0.206]",1,0.3265822784810127,395,0.030379746835443037,43.666666666666664
2025-01-26-03-若 松,27.2,11,0.13444375833719074,0.11782343682286955,0.01662032151432119,4-1-2,0.8509584460611618,1.6568399638021296,若 松,,,3.0,0.03,90.0,pl_prob_bin,"(0.116, 0.206]",1,0.3265822784810127,395,0.030379746835443037,43.666666666666664
2025-01-26-07-若 松,20.0,17,0.16031429525954932,0.14336965873995938,0.01694463651958994,1-2-3,1.294769164692561,1.9069930688070942,若 松,,,3.0,0.03,90.0,pl_prob_bin,"(0.116, 0.206]",1,0.3265822784810127,395,0.030379746835443037,43.666666666666664
2025-01-26-08-若 松,6.9,53,0.13995700421590576,0.12192292588178867,0.01803407833411709,3-1-2,1.3565778623021783,1.7227421950243589,若 松,,,2.0,0.02,90.0,pl_prob_bin,"(0.116, 0.206]",1,0.3265822784810127,395,0.030379746835443037,43.666666666666664
2025-01-26-09-若 松,83.8,17,0.1276394792411618,0.11286629036918598,0.014773188871975831,1-3-2,1.35983501522013,1.8697180316152382,若 松,,,2.0,0.02,90.0,pl_prob_bin,"(0.116, 0.206]",1,0.3265822784810127,395,0.030379746835443037,43.666666666666664
2025-01-26-11-若 松,6.9,251,0.14055011943852036,0.13460587590292064,0.005944243535599719,1-2-3,1.3342953289563795,1.2930506553070042,若 松,,,2.0,0.02,90.0,pl_prob_bin,"(0.116, 0.206]",1,0.3265822784810127,395,0.030379746835443037,43.666666666666664
2025-01-30-01-若 松,28.9,94,0.145836146339461,0.12877109793093675,0.01706504840852424,6-3-2,0.8272093143185719,1.8178228885763648,若 松,,,1.0,0.01,0.0,pl_prob_bin,"(0.116, 0.206]",1,0.3265822784810127,395,0.030379746835443037,43.666666666666664
2025-01-30-02-若 松,76.6,228,0.14224246023156095,0.10631533227544143,0.03592712795611952,1-4-2,1.318522540950101,2.0753540271087663,若 松,,,1.0,0.01,0.0,pl_prob_bin,"(0.116, 0.206]",1,0.3265822784810127,395,0.030379746835443037,43.666666666666664
2025-01-30-03-若 松,19.2,140,0.13262506975877517,0.1214368925491507,0.011188177209624464,2-6-3,1.1808803847614031,1.4626541258279488,若 松,,,1.0,0.01,0.0,pl_prob_bin,"(0.116, 0.206]",1,0.3265822784810127,395,0.030379746835443037,43.666666666666664
2025-01-30-04-若 松,65.9,17,0.12070319881606198,0.11793796742797936,0.0027652313880826146,1-4-3,1.2308140046472413,1.271722110485355,若 松,,,1.0,0.01,0.0,pl_prob_bin,"(0.116, 0.206]",1,0.3265822784810127,395,0.030379746835443037,43.666666666666664
2025-01-30-07-若 松,41.3,175,0.12059405131129389,0.10947534442324885,0.011118706888045032,1-3-2,1.2487836143371491,1.6430363332399462,若 松,,,1.0,0.01,0.0,pl_prob_bin,"(0.116, 0.206]",1,0.3265822784810127,395,0.030379746835443037,43.666666666666664
2025-01-30-09-若 松,36.6,334,0.17248307848031239,0.11500896951527151,0.057474108965040877,4-3-1,1.2174987959891799,1.9008678616127412,若 松,,,1.0,0.01,0.0,pl_prob_bin,"(0.116, 0.206]",1,0.3265822784810127,395,0.030379746835443037,43.666666666666664
2025-02-02-02-若 松,60.2,58,0.13080361466791318,0.12777481633384932,0.003028798334063859,5-4-1,1.3215542060506793,1.4320008010300824,若 松,,,2.0,0.02,45.0,pl_prob_bin,"(0.116, 0.206]",1,0.3265822784810127,395,0.030379746835443037,43.666666666666664
2025-02-02-03-若 松,38.9,32,0.1295179723986818,0.07954384301080271,0.04997412938787908,1-3-5,1.2605031989371311,1.2719087118825274,若 松,,,2.0,0.02,45.0,pl_prob_bin,"(0.116, 0.206]",1,0.3265822784810127,395,0.030379746835443037,43.666666666666664
2025-02-02-07-若 松,11.4,21,0.12290949576200297,0.10125328396975196,0.02165621179225101,1-4-2,1.3050155805461676,1.0002183123178165,若 松,,,2.0,0.02,45.0,pl_prob_bin,"(0.116, 0.206]",1,0.3265822784810127,395,0.030379746835443037,43.666666666666664
2025-02-02-09-若 松,6.6,54,0.119402519413694,0.09702348201994906,0.02237903739374493,1-5-3,1.3793050650091763,1.6709564759511275,若 松,,,1.0,0.01,0.0,pl_prob_bin,"(0.116, 0.206]",1,0.3265822784810127,395,0.030379746835443037,43.666666666666664
2025-02-02-10-若 松,145.6,673,0.14100986164545873,0.1341771027771032,0.006832758868355521,2-4-1,1.338384009249446,2.022860070388773,若 松,,,2.0,0.02,45.0,pl_prob_bin,"(0.116, 0.206]",1,0.3265822784810127,395,0.030379746835443037,43.666666666666664
2025-02-02-11-若 松,6.2,290,0.15781927737952745,0.11010302988971311,0.04771624748981433,2-1-4,1.2127593951049387,2.088959623234924,若 松,,,2.0,0.02,45.0,pl_prob_bin,"(0.116, 0.206]",1,0.3265822784810127,395,0.030379746835443037,43.666666666666664
2025-02-03-03-若 松,20.8,30,0.1753695983117561,0.10255752537201283,0.07281207293974327,3-2-1,1.2009804758415288,1.5349082723547935,若 松,,,7.0,0.07,315.0,pl_prob_bin,"(0.116, 0.206]",1,0.3265822784810127,395,0.030379746835443037,43.666666666666664
2025-02-04-01-若 松,27.9,24,0.1219353524764751,0.08958911742386966,0.03234623505260545,2-1-3,1.372231732941318,1.0727776431806364,若 松,,,6.0,0.06,315.0,pl_prob_bin,"(0.116, 0.206]",1,0.3265822784810127,395,0.030379746835443037,43.666666666666664
2025-02-04-02-若 松,80.5,221,0.14139751887189325,0.1080543882267744,0.033343130645118846,2-3-4,1.327610931699409,2.03496479538154,若 松,,,6.0,0.06,315.0,pl_prob_bin,"(0.116, 0.206]",1,0.3265822784810127,395,0.030379746835443037,43.666666666666664
2025-02-04-10-若 松,10.7,23,0.11852041661922268,0.08291173636230706,0.03560868025691562,1-3-5,1.3556021499874433,1.0549567848289465,若 松,,,5.0,0.05,315.0,pl_prob_bin,"(0.116, 0.206]",1,0.3265822784810127,395,0.030379746835443037,43.666666666666664
2025-02-06-05-若 松,5.6,35,0.12697615790530178,0.08933470439174775,0.03764145351355404,1-4-2,1.2971342973862232,1.4016690490232746,若 松,,,3.0,0.03,315.0,pl_prob_bin,"(0.116, 0.206]",1,0.3265822784810127,395,0.030379746835443037,43.666666666666664
2025-02-06-07-若 松,55.2,446,0.1183150274011164,0.09983105362874228,0.01848397377237411,1-4-2,1.3663078680222183,1.0814363977440344,若 松,,,3.0,0.03,315.0,pl_prob_bin,"(0.116, 0.206]",1,0.3265822784810127,395,0.030379746835443037,43.666666666666664
2025-02-06-08-若 松,7.5,15,0.12974444598926008,0.11801588359062669,0.011728562398633388,1-2-3,1.1734156288160573,1.233212884683601,若 松,,,3.0,0.03,315.0,pl_prob_bin,"(0.116, 0.206]",1,0.3265822784810127,395,0.030379746835443037,43.666666666666664
2025-02-06-12-若 松,117.7,16,0.11760051737756295,0.09482396763035324,0.022776549747209718,2-1-6,1.1026802682692716,1.2434294125004974,若 松,,,2.0,0.02,315.0,pl_prob_bin,"(0.116, 0.206]",1,0.3265822784810127,395,0.030379746835443037,43.666666666666664
2025-02-09-02-若 松,18.4,40,0.20626882557350057,0.12559380255981836,0.0806750230136822,2-3-6,1.1876526713816669,1.9846672973765453,若 松,,,4.0,0.04,315.0,pl_prob_bin,"(0.116, 0.206]",1,0.3265822784810127,395,0.030379746835443037,43.666666666666664
2025-02-09-10-若 松,43.6,30,0.12454506766723364,0.10321052050875136,0.021334547158482278,2-1-3,1.3633388694127935,1.4647358675409832,若 松,,,5.0,0.05,315.0,pl_prob_bin,"(0.116, 0.206]",1,0.3265822784810127,395,0.030379746835443037,43.666666666666664
2025-02-10-10-若 松,6.3,4,0.13316499006597093,0.09448679668687375,0.038678193379097184,1-2-3,1.3164506468360493,1.5893027630809209,若 松,,,3.0,0.03,315.0,pl_prob_bin,"(0.116, 0.206]",1,0.3265822784810127,395,0.030379746835443037,43.666666666666664
2025-02-11-04-若 松,119.4,102,0.13067634227642708,0.11579962364338801,0.014876718633039063,1-4-3,1.3504162177311807,1.1416250373864074,若 松,,,2.0,0.02,45.0,pl_prob_bin,"(0.116, 0.206]",1,0.3265822784810127,395,0.030379746835443037,43.666666666666664
2025-02-11-09-若 松,12.9,68,0.1369515305667418,0.12811968572142152,0.008831844845320291,1-3-2,1.3484476247032773,2.2049076780988766,若 松,,,1.0,0.01,90.0,pl_prob_bin,"(0.116, 0.206]",1,0.3265822784810127,395,0.030379746835443037,43.666666666666664
2025-02-11-11-若 松,30.8,27,0.13044249244050207,0.09724235781598145,0.03320013462452062,1-2-3,1.366238097650122,1.0820498955807865,若 松,,,1.0,0.01,90.0,pl_prob_bin,"(0.116, 0.206]",1,0.3265822784810127,395,0.030379746835443037,43.666666666666664
2025-02-12-04-若 松,345.5,447,0.12441501496154293,0.08725892906808318,0.037156085893459756,4-1-2,1.3648380610687338,0.9835959752877405,若 松,,,5.0,0.05,270.0,pl_prob_bin,"(0.116, 0.206]",1,0.3265822784810127,395,0.030379746835443037,43.666666666666664
2025-02-16-05-若 松,8.5,16,0.12672798810289493,0.10176716867415739,0.02496081942873754,1-2-4,1.337680036685713,1.023131960838529,若 松,,,5.0,0.05,315.0,pl_prob_bin,"(0.116, 0.206]",1,0.3265822784810127,395,0.030379746835443037,43.666666666666664
2025-02-16-06-若 松,7.5,53,0.1203330914252054,0.08187581907045789,0.03845727235474751,1-3-2,1.325780113361451,1.116516336656457,若 松,,,4.0,0.04,315.0,pl_prob_bin,"(0.116, 0.206]",1,0.3265822784810127,395,0.030379746835443037,43.666666666666664
2025-02-16-09-若 松,106.6,16,0.1207236029022404,0.09051321428171422,0.03021038862052619,1-3-2,1.3618041883175047,1.0580002060149198,若 松,,,5.0,0.05,270.0,pl_prob_bin,"(0.116, 0.206]",1,0.3265822784810127,395,0.030379746835443037,43.666666666666664
2025-02-17-08-若 松,2.4,14,0.1347227439254379,0.08750760659835652,0.04721513732708138,1-2-3,1.2771871148553582,1.1654025841237496,若 松,,,1.0,0.01,0.0,pl_prob_bin,"(0.116, 0.206]",1,0.3265822784810127,395,0.030379746835443037,43.666666666666664
2025-02-17-11-若 松,19.7,30,0.12938812199408406,0.10242419744682457,0.026963924547259488,1-3-6,1.1246977467509305,1.7788842070599957,若 松,,,1.0,0.01,315.0,pl_prob_bin,"(0.116, 0.206]",1,0.3265822784810127,395,0.030379746835443037,43.666666666666664
2025-02-18-10-若 松,13.5,28,0.13266118101295735,0.11238782983627886,0.020273351176678486,2-1-3,1.3715702086005623,1.5490513010832982,若 松,,,2.0,0.02,315.0,pl_prob_bin,"(0.116, 0.206]",1,0.3265822784810127,395,0.030379746835443037,43.666666666666664
2025-02-18-11-若 松,5.3,11,0.13591704179918637,0.11668902888120136,0.01922801291798501,3-1-4,1.2673409668285094,1.332604649314505,若 松,,,1.0,0.01,0.0,pl_prob_bin,"(0.116, 0.206]",1,0.3265822784810127,395,0.030379746835443037,43.666666666666664
2025-02-18-12-若 松,9.2,75,0.131091497315684,0.11293094748495947,0.018160549830724543,1-3-4,1.2839454525118603,1.5268949500311846,若 松,,,2.0,0.02,315.0,pl_prob_bin,"(0.116, 0.206]",1,0.3265822784810127,395,0.030379746835443037,43.666666666666664
2025-02-19-04-若 松,124.2,22,0.13456249876852502,0.10422754004705202,0.030334958721473,1-2-4,1.3118280811985334,1.1875042452603106,若 松,,,2.0,0.02,0.0,pl_prob_bin,"(0.116, 0.206]",1,0.3265822784810127,395,0.030379746835443037,43.666666666666664
2025-02-19-08-若 松,77.5,224,0.13614341813705946,0.11186600338265083,0.02427741475440863,1-3-6,1.287186198144099,1.6879025975579482,若 松,,,1.0,0.01,0.0,pl_prob_bin,"(0.116, 0.206]",1,0.3265822784810127,395,0.030379746835443037,43.666666666666664
2025-02-19-09-若 松,9.5,14,0.13419211456881225,0.08473443823204438,0.04945767633676787,1-3-2,1.1752872001937147,1.3627333446035832,若 松,,,1.0,0.01,0.0,pl_prob_bin,"(0.116, 0.206]",1,0.3265822784810127,395,0.030379746835443037,43.666666666666664
2025-02-19-11-若 松,6.3,171,0.14688114767800042,0.14275786506639757,0.004123282611602858,1-2-4,1.1663812443767596,1.355209941226735,若 松,,,1.0,0.01,0.0,pl_prob_bin,"(0.116, 0.206]",1,0.3265822784810127,395,0.030379746835443037,43.666666666666664
2025-02-19-12-若 松,28.6,148,0.1324301168616019,0.12894758074924048,0.0034825361123614063,1-2-4,1.1546751708277205,1.2826567198244692,若 松,,,1.0,0.01,0.0,pl_prob_bin,"(0.116, 0.206]",1,0.3265822784810127,395,0.030379746835443037,43.666666666666664
2025-02-20-10-若 松,7.8,2,0.12058161810489937,0.09864035284123725,0.02194126526366212,1-2-3,1.3080560484768053,1.112943316043226,若 松,,,1.0,0.01,0.0,pl_prob_bin,"(0.116, 0.206]",1,0.3265822784810127,395,0.030379746835443037,43.666666666666664
2025-02-20-11-若 松,11.9,225,0.12915285774378346,0.12600002722518222,0.0031528305186012406,1-2-3,1.3265716153679075,1.1565130391506937,若 松,,,1.0,0.01,315.0,pl_prob_bin,"(0.116, 0.206]",1,0.3265822784810127,395,0.030379746835443037,43.666666666666664
2025-02-26-05-若 松,12.0,25,0.13147266765986676,0.10829005820769168,0.023182609452175082,1-2-3,1.3375314648532173,1.1753841488294319,若 松,,,5.0,0.05,315.0,pl_prob_bin,"(0.116, 0.206]",1,0.3265822784810127,395,0.030379746835443037,43.666666666666664
2025-02-26-07-若 松,54.1,28,0.18472476797158402,0.12854354363493914,0.05618122433664488,2-4-6,1.0036363065361356,1.6629342317871532,若 松,,,4.0,0.04,315.0,pl_prob_bin,"(0.116, 0.206]",1,0.3265822784810127,395,0.030379746835443037,43.666666666666664
2025-02-26-08-若 松,19.8,6,0.12339313812952851,0.09481077505841744,0.028582363071111075,1-3-4,1.322929262162702,1.3273544680603846,若 松,,,4.0,0.04,315.0,pl_prob_bin,"(0.116, 0.206]",1,0.3265822784810127,395,0.030379746835443037,43.666666666666664
2025-02-26-09-若 松,6.6,5,0.1170266202143053,0.07079040399919821,0.04623621621510708,1-2-4,1.2495819409986983,1.0153730480445158,若 松,,,4.0,0.04,315.0,pl_prob_bin,"(0.116, 0.206]",1,0.3265822784810127,395,0.030379746835443037,43.666666666666664
2025-02-27-01-若 松,16.2,64,0.13792230028282795,0.12929217611604377,0.008630124166784187,5-2-1,1.2675793648819247,1.1657051883743046,若 松,,,1.0,0.01,45.0,pl_prob_bin,"(0.116, 0.206]",1,0.3265822784810127,395,0.030379746835443037,43.666666666666664
2025-02-27-05-若 松,18.3,42,0.1431508668233188,0.1381356450848947,0.005015221738424086,3-4-1,1.0890217564371445,1.7395091334302257,若 松,,,1.0,0.01,45.0,pl_prob_bin,"(0.116, 0.206]",1,0.3265822784810127,395,0.030379746835443037,43.666666666666664
2025-02-27-08-若 松,13.0,110,0.17678377237713833,0.09577031538623071,0.08101345699090762,1-2-3,1.1289670896696502,1.6660581430340757,若 松,,,1.0,0.01,90.0,pl_prob_bin,"(0.116, 0.206]",1,0.3265822784810127,395,0.030379746835443037,43.666666666666664
2025-02-27-09-若 松,26.9,6,0.15835337229500518,0.14306857287333252,0.015284799421672657,1-3-2,1.2424495960785404,1.731785219558023,若 松,,,2.0,0.02,90.0,pl_prob_bin,"(0.116, 0.206]",1,0.3265822784810127,395,0.030379746835443037,43.666666666666664
2025-02-28-01-若 松,15.8,33,0.15667100142751592,0.1503740080187048,0.006296993408811125,1-4-3,1.18488664796881,1.433873106907969,若 松,,,1.0,0.01,0.0,pl_prob_bin,"(0.116, 0.206]",1,0.3265822784810127,395,0.030379746835443037,43.666666666666664
2025-02-28-04-若 松,37.5,21,0.16170173795800852,0.11505644914492594,0.04664528881308258,1-3-4,1.2636714593350649,1.4653892325193718,若 松,,,1.0,0.01,315.0,pl_prob_bin,"(0.116, 0.206]",1,0.3265822784810127,395,0.030379746835443037,43.666666666666664
2025-02-28-06-若 松,12.5,1,0.1446896086027557,0.11278268089273924,0.031906927710016464,1-3-5,1.2944593683649488,1.450040921189335,若 松,,,1.0,0.01,315.0,pl_prob_bin,"(0.116, 0.206]",1,0.3265822784810127,395,0.030379746835443037,43.666666666666664
2025-02-28-11-若 松,10.2,265,0.16597528632193273,0.16215327082655148,0.003822015495381248,1-3-2,1.2758986045998413,1.65401462457086,若 松,,,1.0,0.01,0.0,pl_prob_bin,"(0.116, 0.206]",1,0.3265822784810127,395,0.030379746835443037,43.666666666666664
2025-02-28-12-若 松,4.8,4,0.1259105286481863,0.08015553437231458,0.04575499427587172,1-3-6,1.1956127959721012,1.2327971460642264,若 松,,,1.0,0.01,0.0,pl_prob_bin,"(0.116, 0.206]",1,0.3265822784810127,395,0.030379746835443037,43.666666666666664
2025-03-01-01-若 松,37.2,12,0.12255932268753093,0.08931817752300183,0.0332411451645291,3-2-1,0.8713928546073128,1.4729275672478563,若 松,,,6.0,0.06,90.0,pl_prob_bin,"(0.116, 0.206]",1,0.3265822784810127,395,0.030379746835443037,43.666666666666664
2025-03-01-02-若 松,32.0,1,0.16262784792034876,0.15764841441319777,0.004979433507150993,6-2-1,1.1924324158967936,1.7896843079398437,若 松,,,5.0,0.05,90.0,pl_prob_bin,"(0.116, 0.206]",1,0.3265822784810127,395,0.030379746835443037,43.666666666666664
2025-03-01-04-若 松,188.1,69,0.1481162157877555,0.11459524180968425,0.033520973978071245,3-1-2,1.0606449057440175,1.4790997622199218,若 松,,,5.0,0.05,45.0,pl_prob_bin,"(0.116, 0.206]",1,0.3265822784810127,395,0.030379746835443037,43.666666666666664
2025-03-01-05-若 松,12.0,46,0.1378478573229133,0.10424752496850916,0.03360033235440414,4-3-5,1.1231563730422183,1.648252042093002,若 松,,,5.0,0.05,45.0,pl_prob_bin,"(0.116, 0.206]",1,0.3265822784810127,395,0.030379746835443037,43.666666666666664
2025-03-01-06-若 松,84.1,6,0.12949684965225527,0.09834919143158623,0.031147658220669047,4-3-1,1.153585617994958,1.7683225721383664,若 松,,,3.0,0.03,90.0,pl_prob_bin,"(0.116, 0.206]",1,0.3265822784810127,395,0.030379746835443037,43.666666666666664
2025-03-02-04-若 松,29.8,51,0.12365995973557695,0.10694112495838451,0.016718834777192437,4-1-2,1.340316141729952,1.3467028901847184,若 松,,,3.0,0.03,90.0,pl_prob_bin,"(0.116, 0.206]",1,0.3265822784810127,395,0.030379746835443037,43.666666666666664
2025-03-02-07-若 松,6.5,15,0.11605108891848966,0.11073813843879349,0.0053129504796961685,1-2-6,1.1455352870126292,1.2792313574865972,若 松,,,2.0,0.02,90.0,pl_prob_bin,"(0.116, 0.206]",1,0.3265822784810127,395,0.030379746835443037,43.666666666666664
2025-03-02-09-若 松,13.8,164,0.13297487596861188,0.10751012819619464,0.025464747772417237,1-2-3,1.3785434729779504,1.3100788291483876,若 松,,,3.0,0.03,90.0,pl_prob_bin,"(0.116, 0.206]",1,0.3265822784810127,395,0.030379746835443037,43.666666666666664
2025-03-02-11-若 松,5.4,42,0.15822608989934064,0.12793926005038742,0.03028682984895323,1-2-3,1.2919726265275127,1.6092943909572106,若 松,,,1.0,0.01,90.0,pl_prob_bin,"(0.116, 0.206]",1,0.3265822784810127,395,0.030379746835443037,43.666666666666664
2025-03-03-08-若 松,79.1,375,0.12274419042316294,0.0921500523797687,0.03059413804339424,3-1-5,1.3812197406787747,0.9593937805871676,若 松,,,4.0,0.04,45.0,pl_prob_bin,"(0.116, 0.206]",1,0.3265822784810127,395,0.030379746835443037,43.666666666666664
2025-03-12-02-若 松,40.2,83,0.13105137174962564,0.09300850078668021,0.038042870962945424,2-1-4,1.2634834234683114,1.5583178582766266,若 松,,,2.0,0.02,270.0,pl_prob_bin,"(0.116, 0.206]",1,0.3265822784810127,395,0.030379746835443037,43.666666666666664
2025-03-12-07-若 松,4.6,3,0.12667956735119384,0.10763744198013561,0.019042125371058233,1-2-6,1.3003318636415289,1.6112432423448706,若 松,,,2.0,0.02,270.0,pl_prob_bin,"(0.116, 0.206]",1,0.3265822784810127,395,0.030379746835443037,43.666666666666664
2025-03-12-10-若 松,5.9,13,0.13503290332906098,0.12520796066322912,0.009824942665831865,1-4-2,1.3477699988952787,1.4688798133288294,若 松,,,1.0,0.01,270.0,pl_prob_bin,"(0.116, 0.206]",1,0.3265822784810127,395,0.030379746835443037,43.666666666666664
2025-03-12-11-若 松,25.3,16,0.12308372401131217,0.10538129039788412,0.017702433613428048,3-1-6,1.256753889051051,1.9252579268725147,若 松,,,1.0,0.01,270.0,pl_prob_bin,"(0.116, 0.206]",1,0.3265822784810127,395,0.030379746835443037,43.666666666666664
2025-03-12-12-若 松,206.0,68,0.12732721458678098,0.10880781563262015,0.018519398954160826,1-2-3,1.336571783128366,1.1048629376502894,若 松,,,1.0,0.01,270.0,pl_prob_bin,"(0.116, 0.206]",1,0.3265822784810127,395,0.030379746835443037,43.666666666666664
2025-03-13-01-若 松,8.4,8,0.12430563191133988,0.08017380203087175,0.044131829880468126,1-2-3,1.3106766895385336,1.0094102864020638,若 松,,,3.0,0.03,45.0,pl_prob_bin,"(0.116, 0.206]",1,0.3265822784810127,395,0.030379746835443037,43.666666666666664
2025-03-13-09-若 松,73.5,190,0.1231671587766063,0.0978770289514475,0.02529012982515881,1-3-2,1.1850908864714338,1.3325910175186217,若 松,,,1.0,0.01,45.0,pl_prob_bin,"(0.116, 0.206]",1,0.3265822784810127,395,0.030379746835443037,43.666666666666664
2025-03-13-10-若 松,35.0,30,0.13195332638043777,0.0871821539247445,0.04477117245569327,1-6-4,1.221925478885375,1.1947392075324974,若 松,,,2.0,0.02,45.0,pl_prob_bin,"(0.116, 0.206]",1,0.3265822784810127,395,0.030379746835443037,43.666666666666664
2025-03-14-02-若 松,36.8,175,0.15840994587208695,0.125874734785672,0.03253521108641497,4-1-3,1.1598139111053212,2.237237366162939,若 松,,,2.0,0.02,45.0,pl_prob_bin,"(0.116, 0.206]",1,0.3265822784810127,395,0.030379746835443037,43.666666666666664
2025-03-14-03-若 松,40.9,50,0.13279258023624524,0.10002733551864763,0.032765244717597605,1-2-5,1.3229945636475688,1.2180336649602892,若 松,,,3.0,0.03,45.0,pl_prob_bin,"(0.116, 0.206]",1,0.3265822784810127,395,0.030379746835443037,43.666666666666664
2025-03-14-04-若 松,89.3,185,0.12489400561023106,0.12175892541080863,0.0031350801994224353,2-3-5,1.2810037222090271,1.6482032448542467,若 松,,,3.0,0.03,45.0,pl_prob_bin,"(0.116, 0.206]",1,0.3265822784810127,395,0.030379746835443037,43.666666666666664
2025-03-14-05-若 松,34.3,1,0.13436204259556397,0.13241105378190693,0.0019509888136570452,4-2-1,1.245264616263933,1.2070260653341338,若 松,,,2.0,0.02,45.0,pl_prob_bin,"(0.116, 0.206]",1,0.3265822784810127,395,0.030379746835443037,43.666666666666664
2025-03-14-08-若 松,5.4,5,0.12039950370463462,0.08453362913291522,0.0358658745717194,1-2-3,1.2826282352895653,1.158680525787018,若 松,,,3.0,0.03,45.0,pl_prob_bin,"(0.116, 0.206]",1,0.3265822784810127,395,0.030379746835443037,43.666666666666664
2025-03-14-10-若 松,138.8,169,0.1486494196961108,0.1263510434965366,0.0222983761995742,3-1-2,1.3460491908640635,1.32397768730597,若 松,,,3.0,0.03,45.0,pl_prob_bin,"(0.116, 0.206]",1,0.3265822784810127,395,0.030379746835443037,43.666666666666664
2025-03-17-01-若 松,127.6,63,0.13176861610123564,0.08634705235126228,0.04542156374997336,3-5-1,1.2110098840496042,1.3468714549888643,若 松,,,4.0,0.04,270.0,pl_prob_bin,"(0.116, 0.206]",1,0.3265822784810127,395,0.030379746835443037,43.666666666666664
2025-03-17-05-若 松,18.7,2,0.141641176989307,0.11276509141893214,0.028876085570374868,1-3-5,1.357253012407148,1.2359848135123377,若 松,,,1.0,0.01,0.0,pl_prob_bin,"(0.116, 0.206]",1,0.3265822784810127,395,0.030379746835443037,43.666666666666664
2025-03-17-06-若 松,5.8,61,0.12026274406344707,0.09355149629577005,0.026711247767677027,1-2-5,1.4094271681016592,1.0577598600656588,若 松,,,1.0,0.01,0.0,pl_prob_bin,"(0.116, 0.206]",1,0.3265822784810127,395,0.030379746835443037,43.666666666666664
2025-03-17-08-若 松,2.6,7,0.1476247167320303,0.0884933551568991,0.059131361575131186,1-2-3,1.215761937564784,1.2677467707935552,若 松,,,1.0,0.01,0.0,pl_prob_bin,"(0.116, 0.206]",1,0.3265822784810127,395,0.030379746835443037,43.666666666666664
2025-03-17-09-若 松,12.2,205,0.16850983911157136,0.1391801273130294,0.029329711798541963,2-1-4,1.28180192741899,1.8517686599495748,若 松,,,2.0,0.02,0.0,pl_prob_bin,"(0.116, 0.206]",1,0.3265822784810127,395,0.030379746835443037,43.666666666666664
2025-03-17-10-若 松,1705.3,559,0.11621826853003074,0.10476086981028994,0.011457398719740802,1-3-2,1.3183666522551236,1.129442092244368,若 松,,,1.0,0.01,0.0,pl_prob_bin,"(0.116, 0.206]",1,0.3265822784810127,395,0.030379746835443037,43.666666666666664
2025-03-17-12-若 松,9.7,36,0.15114116734462527,0.11577060589781306,0.03537056144681221,1-3-2,1.2772239967505832,1.8600495080296096,若 松,,,1.0,0.01,0.0,pl_prob_bin,"(0.116, 0.206]",1,0.3265822784810127,395,0.030379746835443037,43.666666666666664
2025-03-19-01-若 松,249.6,49,0.12514096589044102,0.11468225543185216,0.010458710458588857,2-1-6,1.4002880419530936,1.1958723893932641,若 松,,,2.0,0.02,225.0,pl_prob_bin,"(0.116, 0.206]",1,0.3265822784810127,395,0.030379746835443037,43.666666666666664
2025-03-19-09-若 松,8.4,70,0.1280856478408813,0.12655704515996866,0.0015286026809126496,1-4-2,1.2495142085109519,1.8161898159497367,若 松,,,1.0,0.01,180.0,pl_prob_bin,"(0.116, 0.206]",1,0.3265822784810127,395,0.030379746835443037,43.666666666666664
2025-03-19-10-若 松,11.5,7,0.13611620638118052,0.11866053006620593,0.01745567631497459,1-3-6,1.2965254629454948,1.128067639340263,若 松,,,1.0,0.01,180.0,pl_prob_bin,"(0.116, 0.206]",1,0.3265822784810127,395,0.030379746835443037,43.666666666666664
2025-03-20-01-若 松,12.6,4,0.11918902044534736,0.10827127505473232,0.010917745390615047,6-2-1,0.9199859600096192,1.6658961667429468,若 松,,,6.0,0.06,315.0,pl_prob_bin,"(0.116, 0.206]",1,0.3265822784810127,395,0.030379746835443037,43.666666666666664
2025-03-21-09-若 松,3.9,2,0.13984025925884733,0.12574372753540342,0.014096531723443911,2-1-3,1.3223491177546611,1.3631167123490566,若 松,,,4.0,0.04,270.0,pl_prob_bin,"(0.116, 0.206]",1,0.3265822784810127,395,0.030379746835443037,43.666666666666664
2025-03-26-05-若 松,13.9,23,0.12125216260260549,0.10395952980084375,0.017292632801761743,1-3-5,1.3360961717563558,1.130812353435406,若 松,,,1.0,0.01,315.0,pl_prob_bin,"(0.116, 0.206]",1,0.3265822784810127,395,0.030379746835443037,43.666666666666664
2025-03-26-07-若 松,267.0,31,0.13157918535474603,0.12007071023494875,0.011508475119797273,1-3-5,1.3175797320792784,1.1643812343776052,若 松,,,1.0,0.01,315.0,pl_prob_bin,"(0.116, 0.206]",1,0.3265822784810127,395,0.030379746835443037,43.666666666666664
2025-03-26-11-若 松,29.8,60,0.1205914888413804,0.10489065910826792,0.015700829733112487,1-2-4,1.285405564163877,1.1955513591046074,若 松,,,1.0,0.01,0.0,pl_prob_bin,"(0.116, 0.206]",1,0.3265822784810127,395,0.030379746835443037,43.666666666666664
2025-03-28-05-若 松,28.9,628,0.16703703501929903,0.10543283285883946,0.06160420216045957,4-2-1,1.1279524069220348,2.375875341329111,若 松,,,1.0,0.01,45.0,pl_prob_bin,"(0.116, 0.206]",1,0.3265822784810127,395,0.030379746835443037,43.666666666666664
2025-03-28-06-若 松,123.2,32,0.12529326239823782,0.1021794777004004,0.023113784697837425,4-3-1,1.2717411039501434,1.8484926884128612,若 松,,,1.0,0.01,45.0,pl_prob_bin,"(0.116, 0.206]",1,0.3265822784810127,395,0.030379746835443037,43.666666666666664
2025-03-28-10-若 松,15.5,8,0.12540451229854493,0.0855637761678532,0.03984073613069174,1-3-2,1.2559936846215878,1.2106677516988382,若 松,,,2.0,0.02,45.0,pl_prob_bin,"(0.116, 0.206]",1,0.3265822784810127,395,0.030379746835443037,43.666666666666664
2025-03-29-11-若 松,17.6,63,0.11636318580189854,0.08297865886701658,0.03338452693488196,1-3-2,1.3160778799619637,1.3365677836147258,若 松,,,5.0,0.05,315.0,pl_prob_bin,"(0.116, 0.206]",1,0.3265822784810127,395,0.030379746835443037,43.666666666666664
2025-03-30-01-若 松,28.3,30,0.11843342372931685,0.08444066266659611,0.03399276106272074,1-2-3,1.3096805923544437,1.20680305680213,若 松,,,3.0,0.03,45.0,pl_prob_bin,"(0.116, 0.206]",1,0.3265822784810127,395,0.030379746835443037,43.666666666666664
2025-03-30-03-若 松,276.4,215,0.1477932952173132,0.11930498032456634,0.02848831489274685,1-2-4,1.2624406786040379,1.2143622303980401,若 松,,,2.0,0.02,45.0,pl_prob_bin,"(0.116, 0.206]",1,0.3265822784810127,395,0.030379746835443037,43.666666666666664
2025-03-30-06-若 松,14.1,27,0.11810900606500088,0.08445378165498411,0.03365522441001677,1-2-3,1.338668862581699,1.4889567907069738,若 松,,,3.0,0.03,45.0,pl_prob_bin,"(0.116, 0.206]",1,0.3265822784810127,395,0.030379746835443037,43.666666666666664
2025-03-30-07-若 松,50.8,20,0.12485034801221781,0.1034097422695572,0.021440605742660615,1-2-5,1.4044644488101596,1.1774527461323068,若 松,,,2.0,0.02,45.0,pl_prob_bin,"(0.116, 0.206]",1,0.3265822784810127,395,0.030379746835443037,43.666666666666664
2025-04-03-08-若 松,95.9,53,0.13129888814867768,0.10466384502881186,0.026635043119865823,1-3-2,1.2311330160328615,1.0811075817296565,若 松,,,1.0,0.01,0.0,pl_prob_bin,"(0.116, 0.206]",1,0.3265822784810127,395,0.030379746835443037,43.666666666666664
2025-04-04-09-若 松,53.0,46,0.12524214402214837,0.12192469730348876,0.0033174467186596057,1-3-2,1.2110135816408967,1.8016467569907022,若 松,,,1.0,0.01,0.0,pl_prob_bin,"(0.116, 0.206]",1,0.3265822784810127,395,0.030379746835443037,43.666666666666664
2025-04-06-12-若 松,89.3,32,0.16741335829954357,0.12075921996932505,0.04665413833021852,1-2-4,1.256237263420474,1.496354407856488,若 松,,,1.0,0.01,315.0,pl_prob_bin,"(0.116, 0.206]",1,0.3265822784810127,395,0.030379746835443037,43.666666666666664
2025-04-09-01-若 松,83.8,11,0.15069821803133684,0.10552619852666029,0.04517201950467656,4-1-6,1.2356380217248926,1.9167051846414165,若 松,,,2.0,0.02,0.0,pl_prob_bin,"(0.116, 0.206]",1,0.3265822784810127,395,0.030379746835443037,43.666666666666664
2025-04-09-03-若 松,24.6,91,0.1476204574907413,0.12504437384644268,0.02257608364429861,1-2-3,1.2033768328292749,1.2802040654415099,若 松,,,2.0,0.02,315.0,pl_prob_bin,"(0.116, 0.206]",1,0.3265822784810127,395,0.030379746835443037,43.666666666666664
2025-04-09-09-若 松,7.2,4,0.13248445271028905,0.08803356448299152,0.044450888227297536,1-3-2,1.2533965200086583,1.1254095190057725,若 松,,,3.0,0.03,0.0,pl_prob_bin,"(0.116, 0.206]",1,0.3265822784810127,395,0.030379746835443037,43.666666666666664
2025-04-10-02-若 松,17.1,7,0.18672073111521154,0.11031413095348809,0.07640660016172345,3-1-2,0.8016801798558286,1.8781571966875028,若 松,,,2.0,0.02,315.0,pl_prob_bin,"(0.116, 0.206]",1,0.3265822784810127,395,0.030379746835443037,43.666666666666664
2025-04-10-07-若 松,42.1,35,0.12331842196817125,0.08300516024424424,0.040313261723927005,1-5-3,1.1234657855747687,1.14409915242139,若 松,,,1.0,0.01,270.0,pl_prob_bin,"(0.116, 0.206]",1,0.3265822784810127,395,0.030379746835443037,43.666666666666664
2025-04-10-08-若 松,16.6,31,0.13939957642127684,0.09767334900856728,0.041726227412709566,2-1-3,1.1541744614859593,1.51220280028379,若 松,,,1.0,0.01,315.0,pl_prob_bin,"(0.116, 0.206]",1,0.3265822784810127,395,0.030379746835443037,43.666666666666664
2025-04-10-09-若 松,10.8,23,0.11980874082916027,0.08469196709040278,0.03511677373875749,1-2-3,1.2740008324006908,1.1874278612492504,若 松,,,1.0,0.01,0.0,pl_prob_bin,"(0.116, 0.206]",1,0.3265822784810127,395,0.030379746835443037,43.666666666666664
2025-04-10-11-若 松,8.2,61,0.12178824374454648,0.10026598823183529,0.021522255512711197,1-4-2,1.2404139110182393,1.2334646613894782,若 松,,,2.0,0.02,45.0,pl_prob_bin,"(0.116, 0.206]",1,0.3265822784810127,395,0.030379746835443037,43.666666666666664
2025-04-11-05-若 松,16.2,6,0.14304272994908984,0.11848859156842005,0.02455413838066979,2-1-5,1.1871140356298364,1.2852000482939896,若 松,,,2.0,0.02,0.0,pl_prob_bin,"(0.116, 0.206]",1,0.3265822784810127,395,0.030379746835443037,43.666666666666664
2025-04-18-02-若 松,157.1,219,0.11627760514999373,0.10891508541493597,0.007362519735057763,2-3-1,1.1989704084420225,1.5609815631240933,若 松,,,5.0,0.05,315.0,pl_prob_bin,"(0.116, 0.206]",1,0.3265822784810127,395,0.030379746835443037,43.666666666666664
2025-04-18-07-若 松,33.7,495,0.1417370195930807,0.12561310971315845,0.016123909879922238,2-1-3,1.3397880006083678,1.447247655631929,若 松,,,3.0,0.03,315.0,pl_prob_bin,"(0.116, 0.206]",1,0.3265822784810127,395,0.030379746835443037,43.666666666666664
2025-04-18-11-若 松,15.9,53,0.13364886289287595,0.09469275935330457,0.03895610353957138,1-4-3,1.3582640800037997,1.0525066632743378,若 松,,,4.0,0.04,270.0,pl_prob_bin,"(0.116, 0.206]",1,0.3265822784810127,395,0.030379746835443037,43.666666666666664
2025-04-19-05-若 松,485.1,292,0.13634625029345326,0.0927803511355681,0.04356589915788517,2-1-4,1.289890531878174,1.349715120560954,若 松,,,2.0,0.02,0.0,pl_prob_bin,"(0.116, 0.206]",1,0.3265822784810127,395,0.030379746835443037,43.666666666666664
2025-04-20-05-若 松,23.2,103,0.1236720700247442,0.08998882203165667,0.03368324799308753,1-4-3,1.296719504313827,1.4465434273798141,若 松,,,3.0,0.03,45.0,pl_prob_bin,"(0.116, 0.206]",1,0.3265822784810127,395,0.030379746835443037,43.666666666666664
2025-04-20-11-若 松,94.2,133,0.12080032076084841,0.0990484316033208,0.021751889157527612,1-3-4,1.3581656820713852,1.1311392256379513,若 松,,,4.0,0.04,90.0,pl_prob_bin,"(0.116, 0.206]",1,0.3265822784810127,395,0.030379746835443037,43.666666666666664
2025-04-21-03-若 松,201.4,267,0.14724871844161128,0.1446581947913252,0.0025905236502860862,2-3-4,1.269109953763544,1.5764844940124922,若 松,,,5.0,0.05,90.0,pl_prob_bin,"(0.116, 0.206]",1,0.3265822784810127,395,0.030379746835443037,43.666666666666664
2025-04-21-08-若 松,9.4,13,0.12923941183324894,0.08242846482844893,0.04681094700480001,1-4-3,1.2760195905502747,1.0597547086108794,若 松,,,4.0,0.04,90.0,pl_prob_bin,"(0.116, 0.206]",1,0.3265822784810127,395,0.030379746835443037,43.666666666666664
2025-04-21-09-若 松,87.9,34,0.12903510250617145,0.11765489948689578,0.01138020301927567,4-3-1,1.375928425993617,1.487110181503138,若 松,,,1.0,0.01,315.0,pl_prob_bin,"(0.116, 0.206]",1,0.3265822784810127,395,0.030379746835443037,43.666666666666664
2025-04-24-02-若 松,131.0,609,0.12922175595600968,0.09556381540784169,0.033657940548167994,3-4-5,1.203618672373592,1.4254903603868039,若 松,,,4.0,0.04,315.0,pl_prob_bin,"(0.116, 0.206]",1,0.3265822784810127,395,0.030379746835443037,43.666666666666664
2025-04-24-07-若 松,49.6,120,0.1359213153617968,0.10681824867406459,0.029103066687732215,1-2-4,1.337399450786157,1.4246729044455606,若 松,,,4.0,0.04,270.0,pl_prob_bin,"(0.116, 0.206]",1,0.3265822784810127,395,0.030379746835443037,43.666666666666664
2025-04-24-12-若 松,220.5,275,0.1254536374163242,0.09251499590274906,0.032938641513575145,1-4-3,1.3573858348631491,1.4679454954652897,若 松,,,4.0,0.04,270.0,pl_prob_bin,"(0.116, 0.206]",1,0.3265822784810127,395,0.030379746835443037,43.666666666666664
2025-04-25-02-若 松,86.4,17,0.15802942223473967,0.12070688783014537,0.03732253440459431,3-4-2,1.004337031169857,1.822094637370256,若 松,,,2.0,0.02,0.0,pl_prob_bin,"(0.116, 0.206]",1,0.3265822784810127,395,0.030379746835443037,43.666666666666664
2025-04-25-07-若 松,13.5,3,0.14472080778930257,0.11524013754220042,0.02948067024710216,1-3-6,1.3532785877210798,1.3808068834507152,若 松,,,3.0,0.03,0.0,pl_prob_bin,"(0.116, 0.206]",1,0.3265822784810127,395,0.030379746835443037,43.666666666666664
2025-04-25-08-若 松,4.2,19,0.18554450095531638,0.12385884854281519,0.06168565241250119,1-2-3,1.2477816377486355,1.7563912777803348,若 松,,,1.0,0.01,0.0,pl_prob_bin,"(0.116, 0.206]",1,0.3265822784810127,395,0.030379746835443037,43.666666666666664
2025-04-26-02-若 松,17.2,185,0.11726246927946264,0.09834754348523649,0.018914925794226156,3-4-2,1.3445707325321086,1.1760420882069254,若 松,,,2.0,0.02,0.0,pl_prob_bin,"(0.116, 0.206]",1,0.3265822784810127,395,0.030379746835443037,43.666666666666664
2025-04-26-10-若 松,7.3,12,0.1319887418319296,0.11078091702847441,0.02120782480345519,1-3-4,1.2670889354561115,1.7790100725280016,若 松,,,1.0,0.01,0.0,pl_prob_bin,"(0.116, 0.206]",1,0.3265822784810127,395,0.030379746835443037,43.666666666666664
2025-04-27-04-若 松,26.7,20,0.11771511165784145,0.08195012312052169,0.035764988537319756,4-1-2,1.2843777396010974,1.2040076630437773,若 松,,,4.0,0.04,270.0,pl_prob_bin,"(0.116, 0.206]",1,0.3265822784810127,395,0.030379746835443037,43.666666666666664
2025-04-27-06-若 松,7.8,15,0.12687958522170542,0.11831008047459923,0.008569504747106188,1-4-2,1.183865625365959,1.497130278904974,若 松,,,1.0,0.01,0.0,pl_prob_bin,"(0.116, 0.206]",1,0.3265822784810127,395,0.030379746835443037,43.666666666666664
2025-04-27-08-若 松,15.4,44,0.13180559140102407,0.10617155560657596,0.025634035794448118,1-3-2,1.2075128199252587,1.184742267175,若 松,,,1.0,0.01,315.0,pl_prob_bin,"(0.116, 0.206]",1,0.3265822784810127,395,0.030379746835443037,43.666666666666664
2025-04-28-03-若 松,14.9,246,0.15927923738286318,0.10591773354594654,0.05336150383691664,4-3-2,1.0582899254160663,1.7588775521710514,若 松,,,3.0,0.03,315.0,pl_prob_bin,"(0.116, 0.206]",1,0.3265822784810127,395,0.030379746835443037,43.666666666666664
2025-04-29-01-若 松,194.4,152,0.19917544827079045,0.13176633749175481,0.06740911077903564,2-3-6,1.0936660353248449,1.8491231070601446,若 松,,,2.0,0.02,0.0,pl_prob_bin,"(0.116, 0.206]",1,0.3265822784810127,395,0.030379746835443037,43.666666666666664
2025-04-29-06-若 松,7.0,151,0.11841173580031689,0.10274924761285899,0.0156624881874579,1-2-3,1.296961335899399,1.1074552531339006,若 松,,,2.0,0.02,0.0,pl_prob_bin,"(0.116, 0.206]",1,0.3265822784810127,395,0.030379746835443037,43.666666666666664
2025-04-29-07-若 松,9.0,21,0.13054717154204817,0.12351292882312574,0.007034242718922432,5-1-4,1.3820219922555008,1.3256090370568272,若 松,,,1.0,0.01,0.0,pl_prob_bin,"(0.116, 0.206]",1,0.3265822784810127,395,0.030379746835443037,43.666666666666664
2025-04-29-12-若 松,15.8,3,0.12433711038533202,0.10868061345992455,0.015656496925407465,1-3-2,1.3941779850711824,1.1481050867559002,若 松,,,1.0,0.01,0.0,pl_prob_bin,"(0.116, 0.206]",1,0.3265822784810127,395,0.030379746835443037,43.666666666666664
2025-05-04-02-若 松,31.8,62,0.15723572362676427,0.13023959663893556,0.026996126987828717,4-1-3,1.1859540018448649,1.761567336159345,若 松,,,2.0,0.02,0.0,pl_prob_bin,"(0.116, 0.206]",1,0.3265822784810127,395,0.030379746835443037,43.666666666666664
2025-05-04-03-若 松,41.4,32,0.1335809670276683,0.10147511346383915,0.032105853563829154,6-1-3,1.1888359169371778,1.3972374554223077,若 松,,,2.0,0.02,0.0,pl_prob_bin,"(0.116, 0.206]",1,0.3265822784810127,395,0.030379746835443037,43.666666666666664
2025-05-04-06-若 松,59.9,2,0.1525840817143442,0.11337616897911307,0.03920791273523114,5-2-3,1.0422211556342151,1.7287099187108055,若 松,,,2.0,0.02,0.0,pl_prob_bin,"(0.116, 0.206]",1,0.3265822784810127,395,0.030379746835443037,43.666666666666664
2025-05-04-09-若 松,264.2,8,0.12984887976052106,0.10554106379728108,0.024307815963239984,3-4-1,1.1578677163463675,1.4534100994233412,若 松,,,1.0,0.01,0.0,pl_prob_bin,"(0.116, 0.206]",1,0.3265822784810127,395,0.030379746835443037,43.666666666666664
2025-05-04-11-若 松,6.0,41,0.1269079509380962,0.08078462819138653,0.046123322746709675,1-3-2,1.2247248648402542,1.26987342250171,若 松,,,2.0,0.02,0.0,pl_prob_bin,"(0.116, 0.206]",1,0.3265822784810127,395,0.030379746835443037,43.666666666666664
2025-05-05-01-若 松,8.2,12,0.15690364470306595,0.1461214891677992,0.010782155535266735,2-1-3,1.2760209643870408,1.4588298296974103,若 松,,,2.0,0.02,45.0,pl_prob_bin,"(0.116, 0.206]",1,0.3265822784810127,395,0.030379746835443037,43.666666666666664
2025-05-05-02-若 松,41.5,242,0.17176013293536302,0.12341489035839726,0.04834524257696576,6-2-3,1.2798284059792158,1.853883134253756,若 松,,,1.0,0.01,0.0,pl_prob_bin,"(0.116, 0.206]",1,0.3265822784810127,395,0.030379746835443037,43.666666666666664
2025-05-05-08-若 松,6.8,6,0.1238609971405208,0.11925397890588706,0.004607018234633747,1-3-2,1.3094867562292134,1.8497160318556347,若 松,,,1.0,0.01,0.0,pl_prob_bin,"(0.116, 0.206]",1,0.3265822784810127,395,0.030379746835443037,43.666666666666664
2025-05-05-11-若 松,59.0,38,0.16809645087576755,0.10878359665975652,0.05931285421601103,3-1-4,1.0642725830513604,2.027198524672516,若 松,,,2.0,0.02,315.0,pl_prob_bin,"(0.116, 0.206]",1,0.3265822784810127,395,0.030379746835443037,43.666666666666664
2025-05-06-01-若 松,12.5,29,0.15794537563820255,0.15084934582500883,0.0070960298131937105,3-1-4,1.1427416658583207,1.943695302610872,若 松,,,2.0,0.02,0.0,pl_prob_bin,"(0.116, 0.206]",1,0.3265822784810127,395,0.030379746835443037,43.666666666666664
2025-05-06-03-若 松,464.0,112,0.15833232722867235,0.09666140032438529,0.06167092690428706,3-1-2,1.2336580035368196,1.6575371364328884,若 松,,,2.0,0.02,0.0,pl_prob_bin,"(0.116, 0.206]",1,0.3265822784810127,395,0.030379746835443037,43.666666666666664
2025-05-06-09-若 松,77.1,26,0.12211057771375596,0.1162369596805717,0.005873618033184258,4-6-3,1.3062223954015826,2.301309708394887,若 松,,,2.0,0.02,0.0,pl_prob_bin,"(0.116, 0.206]",1,0.3265822784810127,395,0.030379746835443037,43.666666666666664
2025-05-07-03-若 松,11.2,13,0.13090554089592038,0.09431438211484615,0.03659115878107423,1-3-2,1.2487031545303036,1.0484032686712363,若 松,,,2.0,0.02,0.0,pl_prob_bin,"(0.116, 0.206]",1,0.3265822784810127,395,0.030379746835443037,43.666666666666664
2025-05-07-05-若 松,8.7,11,0.14851174675487547,0.10525012073965632,0.04326162601521914,1-2-4,1.2753551446921643,1.3616852103384207,若 松,,,2.0,0.02,0.0,pl_prob_bin,"(0.116, 0.206]",1,0.3265822784810127,395,0.030379746835443037,43.666666666666664
2025-05-07-06-若 松,121.1,43,0.19473354277639773,0.12778613623241364,0.0669474065439841,3-2-4,1.190178389864812,2.008090770915054,若 松,,,2.0,0.02,0.0,pl_prob_bin,"(0.116, 0.206]",1,0.3265822784810127,395,0.030379746835443037,43.666666666666664
2025-05-07-09-若 松,73.9,7,0.14608104291331514,0.08109924088546651,0.06498180202784863,4-1-2,1.1261672646262888,1.299236374313826,若 松,,,2.0,0.02,0.0,pl_prob_bin,"(0.116, 0.206]",1,0.3265822784810127,395,0.030379746835443037,43.666666666666664
2025-05-08-02-若 松,70.7,11,0.13790110067479996,0.10588774853440613,0.03201335214039383,3-2-5,1.249365233214093,1.645474662869448,若 松,,,5.0,0.05,90.0,pl_prob_bin,"(0.116, 0.206]",1,0.3265822784810127,395,0.030379746835443037,43.666666666666664
2025-05-12-05-若 松,3.2,70,0.13199337393357485,0.10307304583962112,0.02892032809395373,2-1-4,1.1350767437039235,1.2959062467157854,若 松,,,4.0,0.04,270.0,pl_prob_bin,"(0.116, 0.206]",1,0.3265822784810127,395,0.030379746835443037,43.666666666666664
2025-05-13-01-若 松,27.6,2,0.20465523838313157,0.12979390440777414,0.07486133397535744,3-6-1,1.1196795409705929,2.0322715980014414,若 松,,,2.0,0.02,315.0,pl_prob_bin,"(0.116, 0.206]",1,0.3265822784810127,395,0.030379746835443037,43.666666666666664
2025-05-13-03-若 松,9.7,27,0.13000350374215325,0.10225473771313681,0.027748766029016436,1-6-4,1.3470898345522966,1.6405621896532088,若 松,,,3.0,0.03,315.0,pl_prob_bin,"(0.116, 0.206]",1,0.3265822784810127,395,0.030379746835443037,43.666666666666664
2025-05-13-10-若 松,64.8,131,0.1400715769214297,0.11894038368777085,0.021131193233658863,4-1-2,1.3338499289383443,1.6200721362800683,若 松,,,1.0,0.01,0.0,pl_prob_bin,"(0.116, 0.206]",1,0.3265822784810127,395,0.030379746835443037,43.666666666666664
2025-05-14-03-若 松,22.8,6,0.1288302108755541,0.08498959638827697,0.043840614487277135,1-3-4,1.2647338409809632,1.097702522255487,若 松,,,3.0,0.03,90.0,pl_prob_bin,"(0.116, 0.206]",1,0.3265822784810127,395,0.030379746835443037,43.666666666666664
2025-05-14-04-若 松,109.7,4,0.13084018986638593,0.09086289618999124,0.03997729367639469,1-3-6,1.275982752657061,1.223280796902263,若 松,,,3.0,0.03,90.0,pl_prob_bin,"(0.116, 0.206]",1,0.3265822784810127,395,0.030379746835443037,43.666666666666664
2025-05-14-06-若 松,11.9,106,0.13264073867347267,0.1261432772499139,0.006497461423558781,3-1-2,1.292508688385765,1.6678266024641786,若 松,,,3.0,0.03,90.0,pl_prob_bin,"(0.116, 0.206]",1,0.3265822784810127,395,0.030379746835443037,43.666666666666664
2025-05-14-08-若 松,594.5,164,0.12304715769307704,0.1025856209233176,0.02046153676975944,4-1-6,1.3764701649882822,1.578559746190055,若 松,,,3.0,0.03,270.0,pl_prob_bin,"(0.116, 0.206]",1,0.3265822784810127,395,0.030379746835443037,43.666666666666664
2025-05-14-10-若 松,101.9,17,0.11940359352201314,0.10086595343353895,0.018537640088474194,4-1-2,1.3103419833405874,1.6080296088124573,若 松,,,1.0,0.01,0.0,pl_prob_bin,"(0.116, 0.206]",1,0.3265822784810127,395,0.030379746835443037,43.666666666666664
2025-05-14-11-若 松,112.5,19,0.18895223422312218,0.12318807056067513,0.06576416366244706,3-1-4,1.181415203871919,1.6379362544698666,若 松,,,1.0,0.01,0.0,pl_prob_bin,"(0.116, 0.206]",1,0.3265822784810127,395,0.030379746835443037,43.666666666666664
2025-05-15-12-若 松,32.2,18,0.13522330809917413,0.09868863776746155,0.03653467033171258,3-1-2,1.2049109150601944,1.3343864839109685,若 松,,,3.0,0.03,90.0,pl_prob_bin,"(0.116, 0.206]",1,0.3265822784810127,395,0.030379746835443037,43.666666666666664
2025-05-17-06-若 松,20.3,27,0.1278325082428772,0.12751029606400058,0.0003222121788766241,1-4-3,1.298532182292751,1.1037661148582885,若 松,,,4.0,0.04,315.0,pl_prob_bin,"(0.116, 0.206]",1,0.3265822784810127,395,0.030379746835443037,43.666666666666664
2025-05-17-09-若 松,19.6,6,0.12032810538436832,0.11191036872182396,0.008417736662544362,3-1-2,1.1100870420178377,1.3161091135325163,若 松,,,2.0,0.02,315.0,pl_prob_bin,"(0.116, 0.206]",1,0.3265822784810127,395,0.030379746835443037,43.666666666666664
2025-05-17-10-若 松,25.7,8,0.17743994684704478,0.09910775750535383,0.07833218934169095,3-1-2,1.0610857553990258,1.599636701200522,若 松,,,2.0,0.02,315.0,pl_prob_bin,"(0.116, 0.206]",1,0.3265822784810127,395,0.030379746835443037,43.666666666666664
2025-05-18-01-若 松,62.8,17,0.15503252773519308,0.13568966915252187,0.019342858582671207,4-1-3,1.005894784812698,1.6899208030616986,若 松,,,4.0,0.04,270.0,pl_prob_bin,"(0.116, 0.206]",1,0.3265822784810127,395,0.030379746835443037,43.666666666666664
2025-05-18-06-若 松,32.3,297,0.14963863142646477,0.1361857473973693,0.013452884029095474,3-1-4,1.29179534764924,1.3734901760080482,若 松,,,4.0,0.04,315.0,pl_prob_bin,"(0.116, 0.206]",1,0.3265822784810127,395,0.030379746835443037,43.666666666666664
2025-05-18-08-若 松,14.0,9,0.13086476729523006,0.0931433394276867,0.03772142786754336,3-1-5,1.1730466958199908,1.3321258843961366,若 松,,,4.0,0.04,270.0,pl_prob_bin,"(0.116, 0.206]",1,0.3265822784810127,395,0.030379746835443037,43.666666666666664
2025-05-19-03-若 松,21.4,70,0.12761096243135162,0.09079043851927684,0.03682052391207477,6-1-2,1.2782596066198073,1.267973779126394,若 松,,,3.0,0.03,45.0,pl_prob_bin,"(0.116, 0.206]",1,0.3265822784810127,395,0.030379746835443037,43.666666666666664
2025-05-19-06-若 松,93.6,1,0.14818543273001156,0.10441259437110792,0.04377283835890364,2-3-6,1.005373284427532,2.0438628106165413,若 松,,,4.0,0.04,45.0,pl_prob_bin,"(0.116, 0.206]",1,0.3265822784810127,395,0.030379746835443037,43.666666666666664
2025-05-19-10-若 松,19.2,226,0.14249931374183974,0.1286797169016475,0.013819596840192239,1-2-3,1.3113709213134426,1.3351218487360195,若 松,,,2.0,0.02,315.0,pl_prob_bin,"(0.116, 0.206]",1,0.3265822784810127,395,0.030379746835443037,43.666666666666664
2025-05-20-03-若 松,13.4,200,0.12693663871274372,0.10757003804365706,0.01936660066908666,1-3-2,1.3566987889495437,1.1645350017008125,若 松,,,3.0,0.03,45.0,pl_prob_bin,"(0.116, 0.206]",1,0.3265822784810127,395,0.030379746835443037,43.666666666666664
2025-05-20-04-若 松,6.7,2,0.12483416894737064,0.08957317794499649,0.03526099100237415,1-3-4,1.312362582930754,1.1935593634163295,若 松,,,3.0,0.03,45.0,pl_prob_bin,"(0.116, 0.206]",1,0.3265822784810127,395,0.030379746835443037,43.666666666666664
2025-05-23-03-若 松,13.1,64,0.12757794689745883,0.09274867592749074,0.03482927096996809,6-2-1,1.3595718132127725,1.442071821678053,若 松,,,3.0,0.03,90.0,pl_prob_bin,"(0.116, 0.206]",1,0.3265822784810127,395,0.030379746835443037,43.666666666666664
2025-05-23-07-若 松,4.6,11,0.12294632432273753,0.09667299082217091,0.026273333500566612,1-2-3,1.385474185679746,1.2479584439290563,若 松,,,3.0,0.03,90.0,pl_prob_bin,"(0.116, 0.206]",1,0.3265822784810127,395,0.030379746835443037,43.666666666666664
2025-05-23-08-若 松,6.2,7,0.1422012002057172,0.09940699902581714,0.04279420117990006,2-1-3,1.2901270170174257,1.7305535348667134,若 松,,,3.0,0.03,45.0,pl_prob_bin,"(0.116, 0.206]",1,0.3265822784810127,395,0.030379746835443037,43.666666666666664
2025-05-23-11-若 松,100.7,50,0.12617727176058663,0.10060568814935462,0.025571583611232004,6-1-3,1.1622911416620203,1.3588269237686699,若 松,,,4.0,0.04,90.0,pl_prob_bin,"(0.116, 0.206]",1,0.3265822784810127,395,0.030379746835443037,43.666666666666664
2025-05-24-03-若 松,14.2,195,0.12197851068197323,0.09646765302430474,0.025510857657668487,1-4-3,1.1799584304058772,1.128282934033188,若 松,,,2.0,0.02,90.0,pl_prob_bin,"(0.116, 0.206]",1,0.3265822784810127,395,0.030379746835443037,43.666666666666664
2025-05-24-10-若 松,318.7,85,0.12825360605488176,0.0925096606558809,0.03574394539900086,3-1-4,1.3515455728858732,1.0245249357504418,若 松,,,4.0,0.04,0.0,pl_prob_bin,"(0.116, 0.206]",1,0.3265822784810127,395,0.030379746835443037,43.666666666666664
2025-05-24-11-若 松,55.6,9,0.12151934606553888,0.07929687260654478,0.0422224734589941,3-1-6,1.254991472362787,1.098264988531796,若 松,,,5.0,0.05,0.0,pl_prob_bin,"(0.116, 0.206]",1,0.3265822784810127,395,0.030379746835443037,43.666666666666664
2025-05-25-08-若 松,5.7,1,0.1247713072398183,0.11215864183380093,0.012612665406017368,1-2-3,1.1477403570351365,1.4973045669359302,若 松,,,2.0,0.02,0.0,pl_prob_bin,"(0.116, 0.206]",1,0.3265822784810127,395,0.030379746835443037,43.666666666666664
2025-05-25-09-若 松,24.1,61,0.12791953149359095,0.12242818532309194,0.005491346170499012,1-2-4,1.1784260300042186,1.2488519153905653,若 松,,,1.0,0.01,0.0,pl_prob_bin,"(0.116, 0.206]",1,0.3265822784810127,395,0.030379746835443037,43.666666666666664
2025-05-25-11-若 松,87.6,81,0.1255312409808674,0.12159852727120493,0.003932713709662472,1-2-3,1.2722908818028935,1.322054747655369,若 松,,,0.0,0.0,,pl_prob_bin,"(0.116, 0.206]",1,0.3265822784810127,395,0.030379746835443037,43.666666666666664
2025-05-26-02-若 松,13.8,2,0.12487480805347188,0.10562861529658917,0.01924619275688272,1-6-2,1.2906708958615623,1.5299608595794272,若 松,,,2.0,0.02,45.0,pl_prob_bin,"(0.116, 0.206]",1,0.3265822784810127,395,0.030379746835443037,43.666666666666664
2025-05-26-03-若 松,137.4,6,0.12934588908669223,0.10291630472727252,0.02642958435941971,1-2-3,1.2898607699106712,1.5164390247714818,若 松,,,2.0,0.02,45.0,pl_prob_bin,"(0.116, 0.206]",1,0.3265822784810127,395,0.030379746835443037,43.666666666666664
2025-05-26-05-若 松,12.4,59,0.1437983819753914,0.13217287794247626,0.011625504032915152,3-2-1,1.3584873293215625,1.4516374518831066,若 松,,,3.0,0.03,45.0,pl_prob_bin,"(0.116, 0.206]",1,0.3265822784810127,395,0.030379746835443037,43.666666666666664
2025-05-26-07-若 松,6.0,3,0.14871999651829765,0.12684072478790398,0.021879271730393668,1-6-2,1.3030586485182258,1.5285692779470341,若 松,,,3.0,0.03,45.0,pl_prob_bin,"(0.116, 0.206]",1,0.3265822784810127,395,0.030379746835443037,43.666666666666664
2025-06-03-03-若 松,12.8,3,0.12656069554562133,0.08906006300790535,0.037500632537715975,2-1-4,1.3523942155973696,1.236767030287101,若 松,,,4.0,0.04,270.0,pl_prob_bin,"(0.116, 0.206]",1,0.3265822784810127,395,0.030379746835443037,43.666666666666664
2025-06-03-07-若 松,32.6,1,0.13086335877811117,0.09900553965181913,0.03185781912629204,5-1-2,1.1695532820188304,1.1344380652690067,若 松,,,3.0,0.03,270.0,pl_prob_bin,"(0.116, 0.206]",1,0.3265822784810127,395,0.030379746835443037,43.666666666666664
2025-06-05-01-若 松,73.2,3,0.155068074226706,0.09776013014034317,0.05730794408636282,3-5-2,1.1126534527514678,1.3100659265537473,若 松,,,2.0,0.02,0.0,pl_prob_bin,"(0.116, 0.206]",1,0.3265822784810127,395,0.030379746835443037,43.666666666666664
2025-06-05-04-若 松,82.6,165,0.1253019866156906,0.11309005753684472,0.012211929078845898,2-4-3,1.3202663416230631,1.3674114600787206,若 松,,,1.0,0.01,0.0,pl_prob_bin,"(0.116, 0.206]",1,0.3265822784810127,395,0.030379746835443037,43.666666666666664
2025-06-05-08-若 松,3.5,2,0.12681242189958064,0.07873790574758253,0.048074516151998106,1-2-3,1.296738125582381,1.10264083757813,若 松,,,1.0,0.01,315.0,pl_prob_bin,"(0.116, 0.206]",1,0.3265822784810127,395,0.030379746835443037,43.666666666666664
2025-06-06-01-若 松,14.2,36,0.11631961329200936,0.10715999052279028,0.009159622769219083,1-3-4,1.0513302818558867,1.346068172548005,若 松,,,1.0,0.01,0.0,pl_prob_bin,"(0.116, 0.206]",1,0.3265822784810127,395,0.030379746835443037,43.666666666666664
2025-06-06-06-若 松,12.6,25,0.13876822312273496,0.10916717253806343,0.029601050584671523,1-3-2,1.2939439341926862,1.2540756898047734,若 松,,,2.0,0.02,315.0,pl_prob_bin,"(0.116, 0.206]",1,0.3265822784810127,395,0.030379746835443037,43.666666666666664
2025-06-06-09-若 松,21.3,5,0.11734682255834808,0.07939776517910753,0.03794905737924055,1-4-3,1.3336896964195943,1.616858482112556,若 松,,,1.0,0.01,315.0,pl_prob_bin,"(0.116, 0.206]",1,0.3265822784810127,395,0.030379746835443037,43.666666666666664
2025-06-07-08-若 松,25.6,10,0.12509634503308614,0.12338621501014908,0.0017101300229370592,1-3-4,1.1747111630038418,1.1497725900127704,若 松,,,1.0,0.01,315.0,pl_prob_bin,"(0.116, 0.206]",1,0.3265822784810127,395,0.030379746835443037,43.666666666666664
2025-06-07-09-若 松,374.9,430,0.15182423415936072,0.09174345341434352,0.0600807807450172,1-2-4,1.1876888703461115,1.238026573433471,若 松,,,0.0,0.0,,pl_prob_bin,"(0.116, 0.206]",1,0.3265822784810127,395,0.030379746835443037,43.666666666666664
2025-06-07-10-若 松,24.2,75,0.13571053248865522,0.1036877473482202,0.03202278514043502,1-2-6,1.3299262017881701,1.5942211417369163,若 松,,,0.0,0.0,,pl_prob_bin,"(0.116, 0.206]",1,0.3265822784810127,395,0.030379746835443037,43.666666666666664
2025-06-07-11-若 松,22.4,187,0.1423334066168814,0.12864013984024517,0.013693266776636237,1-6-2,1.2031514514132775,1.2462978502468307,若 松,,,1.0,0.01,0.0,pl_prob_bin,"(0.116, 0.206]",1,0.3265822784810127,395,0.030379746835443037,43.666666666666664
2025-06-08-03-若 松,37.7,297,0.15674356259393973,0.15279016877768184,0.003953393816257894,4-6-3,1.2885228150201145,1.9381657264544112,若 松,,,3.0,0.03,90.0,pl_prob_bin,"(0.116, 0.206]",1,0.3265822784810127,395,0.030379746835443037,43.666666666666664
2025-06-08-09-若 松,116.7,125,0.12261795852854829,0.08517557096097139,0.037442387567576896,1-2-3,1.281238603303911,1.0118138035386703,若 松,,,4.0,0.04,90.0,pl_prob_bin,"(0.116, 0.206]",1,0.3265822784810127,395,0.030379746835443037,43.666666666666664
2025-06-13-04-若 松,26.7,23,0.11659465290368183,0.08099646842807984,0.03559818447560199,1-2-3,1.2995965537485745,0.9706767283334509,若 松,,,4.0,0.04,90.0,pl_prob_bin,"(0.116, 0.206]",1,0.3265822784810127,395,0.030379746835443037,43.666666666666664
2025-06-13-06-若 松,14.1,102,0.12068165407151672,0.10073947961904839,0.019942174452468334,1-3-2,1.283121130401454,1.2996394198381473,若 松,,,3.0,0.03,90.0,pl_prob_bin,"(0.116, 0.206]",1,0.3265822784810127,395,0.030379746835443037,43.666666666666664
2025-06-14-04-若 松,123.2,154,0.13470833191384549,0.0989234055931642,0.03578492632068128,2-4-3,1.018143167105664,1.6930615420408397,若 松,,,3.0,0.03,180.0,pl_prob_bin,"(0.116, 0.206]",1,0.3265822784810127,395,0.030379746835443037,43.666666666666664
2025-06-14-06-若 松,19.0,4,0.12531812632060818,0.12257460439317959,0.002743521927428591,5-4-1,1.3810616781217762,1.1328849996073165,若 松,,,3.0,0.03,225.0,pl_prob_bin,"(0.116, 0.206]",1,0.3265822784810127,395,0.030379746835443037,43.666666666666664
2025-06-14-08-若 松,31.3,83,0.12468489477327674,0.09911177200453442,0.025573122768742323,1-3-2,1.3897961049032252,1.0302553158184564,若 松,,,5.0,0.05,225.0,pl_prob_bin,"(0.116, 0.206]",1,0.3265822784810127,395,0.030379746835443037,43.666666666666664
2025-06-15-02-若 松,56.2,3,0.11903494958985568,0.07627694702364844,0.04275800256620724,1-4-6,1.2947172136997167,0.975651887718076,若 松,,,4.0,0.04,225.0,pl_prob_bin,"(0.116, 0.206]",1,0.3265822784810127,395,0.030379746835443037,43.666666666666664
2025-06-15-03-若 松,31.9,68,0.12828186717931048,0.12001550049305869,0.008266366686251789,6-2-4,1.2298919529199328,1.6627121675027592,若 松,,,3.0,0.03,225.0,pl_prob_bin,"(0.116, 0.206]",1,0.3265822784810127,395,0.030379746835443037,43.666666666666664
2025-06-15-05-若 松,7.8,5,0.11980984516521245,0.09263069291232034,0.027179152252892108,1-4-2,1.3817051744675688,1.1000977039065793,若 松,,,2.0,0.02,225.0,pl_prob_bin,"(0.116, 0.206]",1,0.3265822784810127,395,0.030379746835443037,43.666666666666664
2025-06-15-11-若 松,37.4,182,0.1330762717926575,0.10621280565015032,0.026863466142507175,1-3-4,1.3857410864251278,1.1939290488476095,若 松,,,1.0,0.01,0.0,pl_prob_bin,"(0.116, 0.206]",1,0.3265822784810127,395,0.030379746835443037,43.666666666666664
2025-06-15-12-若 松,223.3,189,0.11893584302959889,0.08476587953070068,0.03416996349889821,1-4-2,1.3873948602778192,0.9546457028931764,若 松,,,3.0,0.03,225.0,pl_prob_bin,"(0.116, 0.206]",1,0.3265822784810127,395,0.030379746835443037,43.666666666666664
2025-06-16-12-若 松,36.2,38,0.13240114015454588,0.0911239332098896,0.04127720694465628,1-2-6,1.282565282196166,1.3660586620222155,若 松,,,1.0,0.01,315.0,pl_prob_bin,"(0.116, 0.206]",1,0.3265822784810127,395,0.030379746835443037,43.666666666666664
2025-06-17-01-若 松,71.0,216,0.12628606377548762,0.09706107478625257,0.02922498898923505,1-4-3,1.1569528148319401,1.2622869929727898,若 松,,,1.0,0.01,0.0,pl_prob_bin,"(0.116, 0.206]",1,0.3265822784810127,395,0.030379746835443037,43.666666666666664
2025-06-17-02-若 松,32.8,184,0.12126728257854186,0.1077481027448865,0.01351917983365536,6-1-3,1.2283714307287892,1.2704193565479553,若 松,,,3.0,0.03,180.0,pl_prob_bin,"(0.116, 0.206]",1,0.3265822784810127,395,0.030379746835443037,43.666666666666664
2025-06-17-09-若 松,77.0,2,0.1213085394213441,0.08795125070904994,0.03335728871229417,5-1-4,1.2122663291524673,1.0410738025828958,若 松,,,3.0,0.03,315.0,pl_prob_bin,"(0.116, 0.206]",1,0.3265822784810127,395,0.030379746835443037,43.666666666666664
2025-06-19-02-若 松,97.2,1,0.1512059571707721,0.13557489510363216,0.015631062067139934,2-6-3,1.1147965414038046,1.5107157077761517,若 松,,,4.0,0.04,315.0,pl_prob_bin,"(0.116, 0.206]",1,0.3265822784810127,395,0.030379746835443037,43.666666666666664
2025-06-19-06-若 松,28.7,6,0.13872036141816077,0.112250506144141,0.026469855274019766,2-3-6,1.3181253200822096,1.9829363342039168,若 松,,,1.0,0.01,315.0,pl_prob_bin,"(0.116, 0.206]",1,0.3265822784810127,395,0.030379746835443037,43.666666666666664
2025-06-19-07-若 松,17.4,377,0.1889487628885578,0.12021738472435611,0.06873137816420169,3-6-2,1.0305559379600735,2.0843271972136748,若 松,,,2.0,0.02,315.0,pl_prob_bin,"(0.116, 0.206]",1,0.3265822784810127,395,0.030379746835443037,43.666666666666664
2025-06-19-11-若 松,13.5,14,0.12559812196930303,0.0764288823083565,0.04916923966094654,1-3-2,1.2911214204243018,1.0545179476363022,若 松,,,0.0,0.0,,pl_prob_bin,"(0.116, 0.206]",1,0.3265822784810127,395,0.030379746835443037,43.666666666666664
2025-06-20-01-若 松,9.7,137,0.15761204692070757,0.12269775018205877,0.034914296738648806,3-1-2,1.2656351807368047,2.096256709339429,若 松,,,1.0,0.01,0.0,pl_prob_bin,"(0.116, 0.206]",1,0.3265822784810127,395,0.030379746835443037,43.666666666666664
2025-06-20-02-若 松,19.3,46,0.15612283908792796,0.14526067937115797,0.010862159716769987,3-2-6,1.2356956111741622,2.4855581370308855,若 松,,,2.0,0.02,270.0,pl_prob_bin,"(0.116, 0.206]",1,0.3265822784810127,395,0.030379746835443037,43.666666666666664
2025-06-20-06-若 松,164.4,38,0.16803087591844115,0.14055466126823443,0.02747621465020672,4-6-2,1.1472791107021811,2.433806392752652,若 松,,,1.0,0.01,0.0,pl_prob_bin,"(0.116, 0.206]",1,0.3265822784810127,395,0.030379746835443037,43.666666666666664
2025-06-20-08-若 松,41.5,51,0.12004255573266448,0.09284451910252171,0.027198036630142766,2-1-6,1.2892378096504487,1.2365563320678972,若 松,,,1.0,0.01,45.0,pl_prob_bin,"(0.116, 0.206]",1,0.3265822784810127,395,0.030379746835443037,43.666666666666664
2025-06-20-12-若 松,9.8,26,0.1269059771367981,0.11114892571368115,0.015757051423116952,1-4-2,1.3356216201324336,1.6710928841711548,若 松,,,2.0,0.02,315.0,pl_prob_bin,"(0.116, 0.206]",1,0.3265822784810127,395,0.030379746835443037,43.666666666666664
2025-06-21-03-若 松,49.0,5,0.13218866195123882,0.09695089376082329,0.03523776819041553,3-2-1,1.3674609525808992,1.067216720637662,若 松,,,5.0,0.05,225.0,pl_prob_bin,"(0.116, 0.206]",1,0.3265822784810127,395,0.030379746835443037,43.666666666666664
2025-06-21-04-若 松,60.3,33,0.12270948982101151,0.10418739413884638,0.018522095682165132,2-4-3,1.4134460738119232,1.1199960702501663,若 松,,,4.0,0.04,225.0,pl_prob_bin,"(0.116, 0.206]",1,0.3265822784810127,395,0.030379746835443037,43.666666666666664
2025-06-21-06-若 松,30.2,207,0.14607449626282948,0.11908617851071064,0.026988317752118837,3-4-5,0.9503148134563744,1.8900441335361045,若 松,,,5.0,0.05,225.0,pl_prob_bin,"(0.116, 0.206]",1,0.3265822784810127,395,0.030379746835443037,43.666666666666664
2025-06-22-02-若 松,108.8,166,0.1208033717906714,0.10602575120220101,0.014777620588470389,4-2-1,1.2298011615202327,1.2472768183055072,若 松,,,4.0,0.04,315.0,pl_prob_bin,"(0.116, 0.206]",1,0.3265822784810127,395,0.030379746835443037,43.666666666666664
2025-06-22-03-若 松,89.1,4,0.1517454556258257,0.11221723504204931,0.03952822058377639,3-1-6,0.9324809570199655,1.8418952835398883,若 松,,,4.0,0.04,315.0,pl_prob_bin,"(0.116, 0.206]",1,0.3265822784810127,395,0.030379746835443037,43.666666666666664
2025-06-22-08-若 松,5.0,2,0.1546422479656023,0.1371181220816022,0.017524125884000097,1-3-2,1.2048364163345378,1.3417405840343768,若 松,,,2.0,0.02,270.0,pl_prob_bin,"(0.116, 0.206]",1,0.3265822784810127,395,0.030379746835443037,43.666666666666664
2025-06-22-09-若 松,6.8,24,0.11854352278148741,0.09951970088345291,0.019023821898034504,2-1-5,1.4120946069562215,1.155122653417328,若 松,,,1.0,0.01,270.0,pl_prob_bin,"(0.116, 0.206]",1,0.3265822784810127,395,0.030379746835443037,43.666666666666664
2025-06-22-11-若 松,56.8,14,0.11941947256933766,0.09549218723017139,0.02392728533916627,1-4-2,1.291925518957613,1.507457558323445,若 松,,,0.0,0.0,,pl_prob_bin,"(0.116, 0.206]",1,0.3265822784810127,395,0.030379746835443037,43.666666666666664
2025-06-22-12-若 松,9.2,3,0.14298396796963475,0.10291346312324333,0.04007050484639142,1-3-5,1.1711934195510885,1.4713210138563095,若 松,,,0.0,0.0,,pl_prob_bin,"(0.116, 0.206]",1,0.3265822784810127,395,0.030379746835443037,43.666666666666664
2025-06-23-07-若 松,72.0,7,0.13474562491865266,0.11333365074439042,0.021411974174262244,4-3-6,1.0737342170905049,1.4373400297830152,若 松,,,2.0,0.02,45.0,pl_prob_bin,"(0.116, 0.206]",1,0.3265822784810127,395,0.030379746835443037,43.666666666666664
2025-06-23-09-若 松,131.9,34,0.14026196211421288,0.1161049303787131,0.02415703173549978,1-3-2,1.3514641849899585,1.741512844811042,若 松,,,2.0,0.02,45.0,pl_prob_bin,"(0.116, 0.206]",1,0.3265822784810127,395,0.030379746835443037,43.666666666666664
2025-06-24-05-若 松,12.2,1,0.11723689300383543,0.08924187524760288,0.027995017756232546,1-3-4,1.3513731080089633,1.2820623791320347,若 松,,,3.0,0.03,90.0,pl_prob_bin,"(0.116, 0.206]",1,0.3265822784810127,395,0.030379746835443037,43.666666666666664
2025-06-24-07-若 松,296.1,218,0.18276882481963366,0.1591536614096869,0.023615163409946766,3-2-6,1.021777664261959,2.192662533447471,若 松,,,1.0,0.01,90.0,pl_prob_bin,"(0.116, 0.206]",1,0.3265822784810127,395,0.030379746835443037,43.666666666666664
2025-06-24-08-若 松,13.8,3,0.18417674541576182,0.10634501048435191,0.07783173493140991,2-1-3,1.0630961593412387,1.579272929211487,若 松,,,0.0,0.0,,pl_prob_bin,"(0.116, 0.206]",1,0.3265822784810127,395,0.030379746835443037,43.666666666666664
2025-06-24-09-若 松,11.4,177,0.11715031651882342,0.0879076191543303,0.029242697364493114,1-3-2,1.3228641234086513,1.0765348841488895,若 松,,,1.0,0.01,90.0,pl_prob_bin,"(0.116, 0.206]",1,0.3265822784810127,395,0.030379746835443037,43.666666666666664
2025-06-28-10-若 松,846.4,164,0.1334786011537303,0.09858883032836571,0.0348897708253646,3-4-2,0.9949700041751881,1.3764074961885104,若 松,,,1.0,0.01,315.0,pl_prob_bin,"(0.116, 0.206]",1,0.3265822784810127,395,0.030379746835443037,43.666666666666664
2025-06-28-12-若 松,11.7,46,0.14172406800854562,0.14087361977735952,0.0008504482311861017,2-1-3,1.3499174085775179,1.605828265832504,若 松,,,1.0,0.01,315.0,pl_prob_bin,"(0.116, 0.206]",1,0.3265822784810127,395,0.030379746835443037,43.666666666666664
2025-06-29-01-若 松,46.9,142,0.11931426682631055,0.0943836682334615,0.024930598592849046,1-3-5,1.3478803810250224,1.3479184238935167,若 松,,,2.0,0.02,45.0,pl_prob_bin,"(0.116, 0.206]",1,0.3265822784810127,395,0.030379746835443037,43.666666666666664
2025-06-29-03-若 松,13.1,28,0.17721392434788114,0.12621758837235938,0.05099633597552175,6-1-4,1.2756550263661928,1.6842423186949675,若 松,,,1.0,0.01,0.0,pl_prob_bin,"(0.116, 0.206]",1,0.3265822784810127,395,0.030379746835443037,43.666666666666664
2025-06-29-06-若 松,8.2,93,0.1732038510028047,0.11668421638282093,0.05651963461998376,4-5-2,1.069601391561287,1.4728429639118907,若 松,,,2.0,0.02,315.0,pl_prob_bin,"(0.116, 0.206]",1,0.3265822784810127,395,0.030379746835443037,43.666666666666664
2025-06-29-07-若 松,23.0,10,0.1165724480789049,0.07907223715738966,0.037500210921515245,5-1-3,1.3435779091274902,0.9365963517511778,若 松,,,2.0,0.02,315.0,pl_prob_bin,"(0.116, 0.206]",1,0.3265822784810127,395,0.030379746835443037,43.666666666666664
2025-06-29-08-若 松,5.4,2,0.13494847488129713,0.11645534087022855,0.018493134011068585,1-2-3,1.3732165048794618,1.6137047148402746,若 松,,,1.0,0.01,315.0,pl_prob_bin,"(0.116, 0.206]",1,0.3265822784810127,395,0.030379746835443037,43.666666666666664
2025-06-29-10-若 松,27.4,108,0.1311781723750004,0.11905344251293715,0.012124729862063255,1-2-4,1.3314977032113609,1.8223474076275774,若 松,,,1.0,0.01,315.0,pl_prob_bin,"(0.116, 0.206]",1,0.3265822784810127,395,0.030379746835443037,43.666666666666664
2025-06-30-02-若 松,201.7,128,0.16983396306585188,0.11156205328980175,0.05827190977605014,4-2-6,1.244166150566852,1.7873679833220841,若 松,,,2.0,0.02,0.0,pl_prob_bin,"(0.116, 0.206]",1,0.3265822784810127,395,0.030379746835443037,43.666666666666664
2025-06-30-04-若 松,11.9,61,0.1295553475119478,0.10461739249284377,0.024937955019104036,1-3-2,1.275681399920245,1.4075183913187106,若 松,,,1.0,0.01,0.0,pl_prob_bin,"(0.116, 0.206]",1,0.3265822784810127,395,0.030379746835443037,43.666666666666664
2025-06-30-05-若 松,13.8,11,0.13396936405712362,0.11441271246881457,0.01955665158830905,1-4-2,1.3757336949334986,1.2477462461465645,若 松,,,2.0,0.02,315.0,pl_prob_bin,"(0.116, 0.206]",1,0.3265822784810127,395,0.030379746835443037,43.666666666666664
2025-06-30-07-若 松,15.3,9,0.11877144914636767,0.09183419648610049,0.026937252660267183,1-3-2,1.3152644049599282,1.3476273950553432,若 松,,,1.0,0.01,0.0,pl_prob_bin,"(0.116, 0.206]",1,0.3265822784810127,395,0.030379746835443037,43.666666666666664
2025-06-30-09-若 松,28.4,71,0.12060083463839814,0.10615623135690974,0.014444603281488402,4-2-5,0.76285244939045,1.6002438095792708,若 松,,,1.0,0.01,0.0,pl_prob_bin,"(0.116, 0.206]",1,0.3265822784810127,395,0.030379746835443037,43.666666666666664
2025-06-30-10-若 松,9.3,6,0.12379425134864579,0.11206666894169273,0.011727582406953055,1-3-6,1.2151683970478784,1.5542353474069825,若 松,,,1.0,0.01,0.0,pl_prob_bin,"(0.116, 0.206]",1,0.3265822784810127,395,0.030379746835443037,43.666666666666664
2025-06-30-11-若 松,11.6,2,0.13528278955817763,0.08662553103264779,0.04865725852552984,1-3-2,1.2576548685031466,1.2481007477443669,若 松,,,1.0,0.01,0.0,pl_prob_bin,"(0.116, 0.206]",1,0.3265822784810127,395,0.030379746835443037,43.666666666666664
2025-07-01-01-若 松,35.1,19,0.18524710657593088,0.11042766004963463,0.07481944652629625,4-5-2,1.1271900413425417,1.5244986445169921,若 松,,,1.0,0.01,0.0,pl_prob_bin,"(0.116, 0.206]",1,0.3265822784810127,395,0.030379746835443037,43.666666666666664
2025-07-01-02-若 松,276.4,298,0.1264741420764083,0.10293549528822614,0.02353864678818217,1-2-3,1.258790147049696,1.4286039504909926,若 松,,,1.0,0.01,0.0,pl_prob_bin,"(0.116, 0.206]",1,0.3265822784810127,395,0.030379746835443037,43.666666666666664
2025-07-01-03-若 松,49.5,8,0.16692551926671184,0.12103463864758719,0.04589088061912465,3-2-1,1.0806979673768566,1.8491270137527052,若 松,,,2.0,0.02,0.0,pl_prob_bin,"(0.116, 0.206]",1,0.3265822784810127,395,0.030379746835443037,43.666666666666664
2025-07-01-04-若 松,20.9,90,0.12007737825581735,0.10010021653897552,0.01997716171684183,3-1-5,1.139315857623788,1.196734995032444,若 松,,,1.0,0.01,0.0,pl_prob_bin,"(0.116, 0.206]",1,0.3265822784810127,395,0.030379746835443037,43.666666666666664
2025-07-02-01-若 松,53.2,56,0.1358471534702574,0.11923321359885354,0.016613939871403846,2-4-5,0.8624548977718299,1.9689136180450557,若 松,,,1.0,0.01,0.0,pl_prob_bin,"(0.116, 0.206]",1,0.3265822784810127,395,0.030379746835443037,43.666666666666664
2025-07-02-09-若 松,10.8,5,0.12265471086427236,0.11080873683991067,0.011845974024361688,1-2-3,1.3090211200065718,1.289498666144375,若 松,,,1.0,0.01,315.0,pl_prob_bin,"(0.116, 0.206]",1,0.3265822784810127,395,0.030379746835443037,43.666666666666664
2025-07-02-11-若 松,19.4,112,0.13342013835145133,0.09427388010861887,0.039146258242832466,1-3-2,1.173245660237808,1.385487771290123,若 松,,,2.0,0.02,315.0,pl_prob_bin,"(0.116, 0.206]",1,0.3265822784810127,395,0.030379746835443037,43.666666666666664
2025-07-03-02-若 松,37.2,158,0.11758856453410085,0.10238732368677432,0.015201240847326533,4-2-1,0.9833288574342417,2.1735645903260736,若 松,,,1.0,0.01,0.0,pl_prob_bin,"(0.116, 0.206]",1,0.3265822784810127,395,0.030379746835443037,43.666666666666664
2025-07-03-05-若 松,52.4,86,0.1650812524558949,0.0925027390254741,0.0725785134304208,1-4-2,1.1861043067933146,1.3527943745187592,若 松,,,1.0,0.01,0.0,pl_prob_bin,"(0.116, 0.206]",1,0.3265822784810127,395,0.030379746835443037,43.666666666666664
2025-07-03-09-若 松,29.4,18,0.1322591866548331,0.11536829351565776,0.016890893139175342,1-3-4,1.198429761965561,1.1925377709780758,若 松,,,2.0,0.02,315.0,pl_prob_bin,"(0.116, 0.206]",1,0.3265822784810127,395,0.030379746835443037,43.666666666666664
2025-07-03-11-若 松,15.9,321,0.14046079770245484,0.09783315073327761,0.04262764696917723,1-3-2,1.277394750406861,1.3346632938916192,若 松,,,1.0,0.01,0.0,pl_prob_bin,"(0.116, 0.206]",1,0.3265822784810127,395,0.030379746835443037,43.666666666666664
2025-07-07-02-若 松,93.3,202,0.12813772021027037,0.11317955315788386,0.014958167052386506,1-4-5,1.3971703602679426,1.2654604853864884,若 松,,,2.0,0.02,315.0,pl_prob_bin,"(0.116, 0.206]",1,0.3265822784810127,395,0.030379746835443037,43.666666666666664
2025-07-07-04-若 松,18.8,99,0.12245760054186548,0.09790661164697483,0.024550988894890657,1-3-6,1.3033718099194256,1.6198847676495436,若 松,,,1.0,0.01,0.0,pl_prob_bin,"(0.116, 0.206]",1,0.3265822784810127,395,0.030379746835443037,43.666666666666664
2025-07-07-06-若 松,204.5,399,0.13988213676384564,0.12479245251792408,0.015089684245921567,2-3-4,1.3596487462426408,1.6033167704921303,若 松,,,2.0,0.02,0.0,pl_prob_bin,"(0.116, 0.206]",1,0.3265822784810127,395,0.030379746835443037,43.666666666666664
2025-07-07-07-若 松,6.2,209,0.1230044319512496,0.10473010896356871,0.01827432298768089,1-3-2,1.260241447104566,1.1458921152435555,若 松,,,2.0,0.02,315.0,pl_prob_bin,"(0.116, 0.206]",1,0.3265822784810127,395,0.030379746835443037,43.666666666666664
2025-07-07-08-若 松,8.0,56,0.145167702484117,0.10851081439737684,0.03665688808674017,1-2-3,1.3475526054603009,1.3553707119469258,若 松,,,2.0,0.02,315.0,pl_prob_bin,"(0.116, 0.206]",1,0.3265822784810127,395,0.030379746835443037,43.666666666666664
2025-07-08-04-若 松,34.0,36,0.1616009456466045,0.12534022901728095,0.036260716629323536,6-1-3,1.0258416492682114,1.7269497101767597,若 松,,,3.0,0.03,45.0,pl_prob_bin,"(0.116, 0.206]",1,0.3265822784810127,395,0.030379746835443037,43.666666666666664
2025-07-08-05-若 松,18.8,33,0.1219479993059577,0.08512578914669165,0.03682221015926605,1-3-2,1.2943106674836848,1.454954618576381,若 松,,,4.0,0.04,45.0,pl_prob_bin,"(0.116, 0.206]",1,0.3265822784810127,395,0.030379746835443037,43.666666666666664
2025-07-08-08-若 松,5.9,11,0.12019710003394911,0.09303588957637866,0.027161210457570445,1-2-3,1.3456209887083799,1.306473379751949,若 松,,,2.0,0.02,45.0,pl_prob_bin,"(0.116, 0.206]",1,0.3265822784810127,395,0.030379746835443037,43.666666666666664
2025-07-08-11-若 松,10.7,30,0.1577442772690127,0.11033851915831812,0.04740575811069457,4-1-6,1.0935494693795398,1.337271956490313,若 松,,,5.0,0.05,45.0,pl_prob_bin,"(0.116, 0.206]",1,0.3265822784810127,395,0.030379746835443037,43.666666666666664
2025-07-09-02-若 松,10.8,3,0.15809400340066757,0.13532771514025324,0.022766288260414325,3-1-6,1.0034921890734096,1.7405711643396635,若 松,,,3.0,0.03,90.0,pl_prob_bin,"(0.116, 0.206]",1,0.3265822784810127,395,0.030379746835443037,43.666666666666664
2025-07-09-03-若 松,88.5,129,0.13416427571420042,0.11942647194550413,0.014737803768696295,4-1-3,1.3636006912352312,1.7748403371996482,若 松,,,4.0,0.04,90.0,pl_prob_bin,"(0.116, 0.206]",1,0.3265822784810127,395,0.030379746835443037,43.666666666666664
2025-07-09-07-若 松,17.6,27,0.136586276649482,0.12297265041406792,0.01361362623541408,1-6-2,1.3520858367923108,1.5876706423862597,若 松,,,4.0,0.04,90.0,pl_prob_bin,"(0.116, 0.206]",1,0.3265822784810127,395,0.030379746835443037,43.666666666666664
2025-07-10-10-若 松,2339.6,461,0.11736979284783333,0.08125911039925918,0.036110682448574155,1-3-4,1.3424748445178851,1.0626934360698683,若 松,,,3.0,0.03,45.0,pl_prob_bin,"(0.116, 0.206]",1,0.3265822784810127,395,0.030379746835443037,43.666666666666664
2025-07-11-06-若 松,10.2,11,0.12335290328555462,0.09891632339230687,0.024436579893247753,1-2-3,1.3231961491434514,1.121643947671088,若 松,,,4.0,0.04,45.0,pl_prob_bin,"(0.116, 0.206]",1,0.3265822784810127,395,0.030379746835443037,43.666666666666664
2025-07-14-04-若 松,11.7,54,0.13076600581856035,0.09350105110066395,0.0372649547178964,3-2-1,1.258315073485459,1.3375356100458962,若 松,,,3.0,0.03,270.0,pl_prob_bin,"(0.116, 0.206]",1,0.3265822784810127,395,0.030379746835443037,43.666666666666664
2025-07-14-05-若 松,6.6,7,0.15881246394518791,0.1341735920887974,0.02463887185639052,1-2-3,1.2662011124309023,1.4136641298233183,若 松,,,2.0,0.02,315.0,pl_prob_bin,"(0.116, 0.206]",1,0.3265822784810127,395,0.030379746835443037,43.666666666666664
2025-07-14-06-若 松,10.1,12,0.1291612352728831,0.10038414566349202,0.02877708960939107,4-1-3,1.344507525329239,1.7440271992879317,若 松,,,2.0,0.02,315.0,pl_prob_bin,"(0.116, 0.206]",1,0.3265822784810127,395,0.030379746835443037,43.666666666666664
2025-07-14-09-若 松,146.9,62,0.13698870421588727,0.10355077016235827,0.033437934053529,1-2-6,1.24270712180571,1.5666884963358145,若 松,,,2.0,0.02,315.0,pl_prob_bin,"(0.116, 0.206]",1,0.3265822784810127,395,0.030379746835443037,43.666666666666664
2025-07-14-12-若 松,128.0,269,0.12193889971957055,0.09440995937253686,0.02752894034703368,5-1-3,1.3783345264077358,1.3688679970875584,若 松,,,2.0,0.02,315.0,pl_prob_bin,"(0.116, 0.206]",1,0.3265822784810127,395,0.030379746835443037,43.666666666666664
2025-07-16-03-若 松,60.8,21,0.14682271998689642,0.13716282646327912,0.009659893523617291,6-2-1,1.0491755320128422,1.8831995461895161,若 松,,,1.0,0.01,180.0,pl_prob_bin,"(0.116, 0.206]",1,0.3265822784810127,395,0.030379746835443037,43.666666666666664
2025-07-16-06-若 松,39.8,225,0.1252619966425233,0.10033766427146389,0.024924332371059413,1-4-6,1.2395622251326375,1.048101708802651,若 松,,,1.0,0.01,315.0,pl_prob_bin,"(0.116, 0.206]",1,0.3265822784810127,395,0.030379746835443037,43.666666666666664
2025-07-17-02-若 松,5.7,17,0.11801459088526732,0.11061079570297307,0.007403795182294254,1-2-3,1.4003339845904021,1.3836148265641954,若 松,,,5.0,0.05,90.0,pl_prob_bin,"(0.116, 0.206]",1,0.3265822784810127,395,0.030379746835443037,43.666666666666664
2025-07-17-08-若 松,7.6,5,0.12607766561593678,0.10351081761533168,0.0225668480006051,2-1-3,1.3954795976690666,1.0163254435147326,若 松,,,6.0,0.06,90.0,pl_prob_bin,"(0.116, 0.206]",1,0.3265822784810127,395,0.030379746835443037,43.666666666666664
2025-07-17-10-若 松,13.6,53,0.12929655164439133,0.08472795150619586,0.04456860013819547,1-3-2,1.28384599600435,1.4108617446946587,若 松,,,2.0,0.02,90.0,pl_prob_bin,"(0.116, 0.206]",1,0.3265822784810127,395,0.030379746835443037,43.666666666666664
2025-07-17-11-若 松,498.0,186,0.1412709248942417,0.13611150408654782,0.005159420807693882,4-3-2,1.1930454327194588,1.719448884846096,若 松,,,4.0,0.04,90.0,pl_prob_bin,"(0.116, 0.206]",1,0.3265822784810127,395,0.030379746835443037,43.666666666666664
2025-07-22-02-若 松,39.2,159,0.14548042459114946,0.12415636973121337,0.02132405485993609,4-1-3,1.3461282365739635,1.622049002036183,若 松,,,3.0,0.03,90.0,pl_prob_bin,"(0.116, 0.206]",1,0.3265822784810127,395,0.030379746835443037,43.666666666666664
2025-07-22-04-若 松,23.5,61,0.20340460474231092,0.1158733878418084,0.08753121690050253,3-2-6,1.1433720859626673,2.188997687809882,若 松,,,4.0,0.04,90.0,pl_prob_bin,"(0.116, 0.206]",1,0.3265822784810127,395,0.030379746835443037,43.666666666666664
2025-07-22-08-若 松,32.2,3,0.11752602168576952,0.08250115440863666,0.03502486727713286,1-3-2,1.3597392708833835,1.1238785263981785,若 松,,,4.0,0.04,90.0,pl_prob_bin,"(0.116, 0.206]",1,0.3265822784810127,395,0.030379746835443037,43.666666666666664
2025-07-23-06-若 松,53.1,377,0.13364466250400164,0.07928502788124989,0.05435963462275176,1-3-2,1.2299093762459934,1.190049068936584,若 松,,,3.0,0.03,135.0,pl_prob_bin,"(0.116, 0.206]",1,0.3265822784810127,395,0.030379746835443037,43.666666666666664
2025-07-23-08-若 松,4.1,3,0.12332480215172538,0.11191499045141966,0.011409811700305722,1-2-3,1.363724021005758,1.0276103976916202,若 松,,,5.0,0.05,90.0,pl_prob_bin,"(0.116, 0.206]",1,0.3265822784810127,395,0.030379746835443037,43.666666666666664
2025-07-23-09-若 松,89.4,343,0.13216717071201847,0.0976073189233304,0.034559851788688076,1-3-2,1.2783030286370343,1.260398328120625,若 松,,,4.0,0.04,90.0,pl_prob_bin,"(0.116, 0.206]",1,0.3265822784810127,395,0.030379746835443037,43.666666666666664
2025-07-24-03-若 松,19.7,16,0.13566184525632163,0.09633957482946832,0.03932227042685331,3-5-4,1.042857685387241,1.4132546517296516,若 松,,,4.0,0.04,90.0,pl_prob_bin,"(0.116, 0.206]",1,0.3265822784810127,395,0.030379746835443037,43.666666666666664
2025-07-24-07-若 松,57.2,3,0.19186006542067904,0.12082428161200151,0.07103578380867753,5-4-2,1.0675774039025987,1.5811871513755313,若 松,,,3.0,0.03,90.0,pl_prob_bin,"(0.116, 0.206]",1,0.3265822784810127,395,0.030379746835443037,43.666666666666664
2025-07-24-08-若 松,3.1,28,0.13998243892365134,0.13864258414888017,0.0013398547747711653,1-3-2,1.3133135956033426,1.6464728141763445,若 松,,,3.0,0.03,90.0,pl_prob_bin,"(0.116, 0.206]",1,0.3265822784810127,395,0.030379746835443037,43.666666666666664
2025-07-25-07-若 松,13.1,55,0.14783832400428343,0.11319623648139926,0.03464208752288417,3-1-4,1.3432117567324082,1.2639270574158745,若 松,,,6.0,0.06,90.0,pl_prob_bin,"(0.116, 0.206]",1,0.3265822784810127,395,0.030379746835443037,43.666666666666664
2025-07-25-09-若 松,13.9,27,0.11589249521301762,0.07571916104850779,0.04017333416450983,2-1-5,1.2415026760925318,1.0005876368759117,若 松,,,6.0,0.06,90.0,pl_prob_bin,"(0.116, 0.206]",1,0.3265822784810127,395,0.030379746835443037,43.666666666666664
2025-07-26-04-若 松,89.3,408,0.13545364661460627,0.0999667902309432,0.03548685638366307,4-2-6,1.3317774077841944,1.5568965346405974,若 松,,,8.0,0.08,90.0,pl_prob_bin,"(0.116, 0.206]",1,0.3265822784810127,395,0.030379746835443037,43.666666666666664
2025-08-01-01-若 松,81.8,540,0.14283309896548574,0.13041881965963215,0.012414279305853593,4-1-3,1.3575975135831297,1.3359690178492238,若 松,,,4.0,0.04,45.0,pl_prob_bin,"(0.116, 0.206]",1,0.3265822784810127,395,0.030379746835443037,43.666666666666664
2025-08-01-04-若 松,6.0,1,0.15438259051384684,0.14371038719571705,0.010672203318129792,1-3-2,1.1902761122376688,1.4942714299443722,若 松,,,1.0,0.01,0.0,pl_prob_bin,"(0.116, 0.206]",1,0.3265822784810127,395,0.030379746835443037,43.666666666666664
2025-08-01-06-若 松,16.3,440,0.14132979031688178,0.14112123395772733,0.0002085563591544548,2-1-3,1.3474225400908373,1.6349544269667604,若 松,,,1.0,0.01,315.0,pl_prob_bin,"(0.116, 0.206]",1,0.3265822784810127,395,0.030379746835443037,43.666666666666664
2025-08-01-07-若 松,5.6,20,0.12485236435559814,0.11542413197198323,0.009428232383614912,1-2-3,1.207605164042322,1.3157933442230514,若 松,,,1.0,0.01,315.0,pl_prob_bin,"(0.116, 0.206]",1,0.3265822784810127,395,0.030379746835443037,43.666666666666664
2025-08-01-09-若 松,65.0,4,0.15389847069734813,0.1029086311822972,0.05098983951505093,6-1-5,1.2004412999322147,1.4680164851988564,若 松,,,2.0,0.02,315.0,pl_prob_bin,"(0.116, 0.206]",1,0.3265822784810127,395,0.030379746835443037,43.666666666666664
2025-08-02-03-若 松,126.3,2,0.12344942068431534,0.11636070115310605,0.007088719531209292,3-1-2,0.8032300266359423,2.067716037573143,若 松,,,1.0,0.01,315.0,pl_prob_bin,"(0.116, 0.206]",1,0.3265822784810127,395,0.030379746835443037,43.666666666666664
2025-08-02-05-若 松,47.5,206,0.122648379185493,0.11219564105736338,0.010452738128129621,2-1-3,1.1304229618100068,1.8678465251813428,若 松,,,1.0,0.01,315.0,pl_prob_bin,"(0.116, 0.206]",1,0.3265822784810127,395,0.030379746835443037,43.666666666666664
2025-08-02-06-若 松,11.8,139,0.12965471396364298,0.10142080850333245,0.02823390546031053,1-6-3,1.326051151834036,1.6293556560016995,若 松,,,1.0,0.01,315.0,pl_prob_bin,"(0.116, 0.206]",1,0.3265822784810127,395,0.030379746835443037,43.666666666666664
2025-08-03-03-若 松,49.7,16,0.1712736949844795,0.1528037604375023,0.018469934546977207,2-6-3,0.8581639960046018,1.8356341337355717,若 松,,,1.0,0.01,315.0,pl_prob_bin,"(0.116, 0.206]",1,0.3265822784810127,395,0.030379746835443037,43.666666666666664
2025-08-03-04-若 松,12.8,94,0.12153149467941679,0.11538913883051757,0.006142355848899217,1-3-6,1.37921992559237,1.6990680286383342,若 松,,,1.0,0.01,315.0,pl_prob_bin,"(0.116, 0.206]",1,0.3265822784810127,395,0.030379746835443037,43.666666666666664
2025-08-03-05-若 松,9.0,4,0.13366858389911776,0.1272467821951903,0.006421801703927449,1-3-2,1.2128771854928575,1.1834780210963134,若 松,,,1.0,0.01,315.0,pl_prob_bin,"(0.116, 0.206]",1,0.3265822784810127,395,0.030379746835443037,43.666666666666664
2025-08-03-06-若 松,12.2,93,0.1275979328974956,0.08372415682563634,0.04387377607185926,1-2-5,1.2953287885761906,1.2012005715541751,若 松,,,1.0,0.01,0.0,pl_prob_bin,"(0.116, 0.206]",1,0.3265822784810127,395,0.030379746835443037,43.666666666666664
2025-08-03-11-若 松,12.4,53,0.14557374617333757,0.11966634106181155,0.02590740511152602,1-3-4,1.342601584101693,1.408624058070906,若 松,,,1.0,0.01,315.0,pl_prob_bin,"(0.116, 0.206]",1,0.3265822784810127,395,0.030379746835443037,43.666666666666664
2025-08-04-02-若 松,19.5,104,0.13485897997702373,0.12884500167904037,0.006013978297983363,3-4-1,1.3721813142616899,1.2302709730423451,若 松,,,3.0,0.03,270.0,pl_prob_bin,"(0.116, 0.206]",1,0.3265822784810127,395,0.030379746835443037,43.666666666666664
2025-08-04-08-若 松,114.8,28,0.11662601372564606,0.09625291009531343,0.020373103630332623,3-1-6,1.3635243062887326,0.9680991227548343,若 松,,,5.0,0.05,270.0,pl_prob_bin,"(0.116, 0.206]",1,0.3265822784810127,395,0.030379746835443037,43.666666666666664
2025-08-04-10-若 松,189.5,623,0.1388779087043841,0.0869189818725468,0.051958926831837296,2-3-4,1.190106986638989,1.3913598174683894,若 松,,,5.0,0.05,225.0,pl_prob_bin,"(0.116, 0.206]",1,0.3265822784810127,395,0.030379746835443037,43.666666666666664
2025-08-06-02-若 松,11.5,11,0.1386904402181408,0.10255409726975726,0.036136342948383554,1-4-3,1.3577154500696698,1.123071802142998,若 松,,,4.0,0.04,225.0,pl_prob_bin,"(0.116, 0.206]",1,0.3265822784810127,395,0.030379746835443037,43.666666666666664
2025-08-06-04-若 松,19.7,73,0.14521673590355622,0.11893064443800429,0.026286091465551928,6-3-2,0.9319314836251387,1.5404519360416409,若 松,,,4.0,0.04,270.0,pl_prob_bin,"(0.116, 0.206]",1,0.3265822784810127,395,0.030379746835443037,43.666666666666664
2025-08-06-06-若 松,119.7,196,0.1471890107180071,0.09886633414247556,0.04832267657553155,3-4-1,1.2646656530861005,1.5274970556827574,若 松,,,4.0,0.04,270.0,pl_prob_bin,"(0.116, 0.206]",1,0.3265822784810127,395,0.030379746835443037,43.666666666666664
2025-08-06-07-若 松,14.3,26,0.1171171338762249,0.11018145935895805,0.006935674517266843,1-2-4,1.3856589111466684,1.0150824933065141,若 松,,,4.0,0.04,270.0,pl_prob_bin,"(0.116, 0.206]",1,0.3265822784810127,395,0.030379746835443037,43.666666666666664
2025-08-06-08-若 松,6.4,31,0.13907608205382213,0.10120816537339443,0.0378679166804277,1-3-2,1.3250711710526266,1.1420443824165878,若 松,,,4.0,0.04,270.0,pl_prob_bin,"(0.116, 0.206]",1,0.3265822784810127,395,0.030379746835443037,43.666666666666664
2025-08-07-11-若 松,181.8,121,0.19549271657681955,0.1116047783278234,0.08388793824899615,3-4-2,1.0341629115619813,1.746571624331373,若 松,,,5.0,0.05,270.0,pl_prob_bin,"(0.116, 0.206]",1,0.3265822784810127,395,0.030379746835443037,43.666666666666664
2025-08-07-12-若 松,22.5,182,0.11592686746600142,0.10767770551612016,0.008249161949881262,1-2-3,1.3196081505566106,1.0798213561038272,若 松,,,4.0,0.04,270.0,pl_prob_bin,"(0.116, 0.206]",1,0.3265822784810127,395,0.030379746835443037,43.666666666666664
2025-08-08-04-若 松,116.4,668,0.1311693915385876,0.13078795235656715,0.0003814391820204377,2-1-4,1.1240353386167028,1.4502287760359371,若 松,,,4.0,0.04,270.0,pl_prob_bin,"(0.116, 0.206]",1,0.3265822784810127,395,0.030379746835443037,43.666666666666664
2025-08-09-12-若 松,91.8,52,0.11779330548177509,0.11331779430821448,0.004475511173560612,1-2-3,1.4033058843813337,1.0891705954429562,若 松,,,2.0,0.02,0.0,pl_prob_bin,"(0.116, 0.206]",1,0.3265822784810127,395,0.030379746835443037,43.666666666666664
2025-08-11-03-若 松,31.0,9,0.14168608945953184,0.0984552734426491,0.04323081601688275,3-5-1,1.3252956158035496,1.189950752670429,若 松,,,2.0,0.02,315.0,pl_prob_bin,"(0.116, 0.206]",1,0.3265822784810127,395,0.030379746835443037,43.666666666666664
2025-08-11-04-若 松,33.0,30,0.16828851763439182,0.09208972690220185,0.07619879073218996,2-1-4,1.0326736735987723,1.7555213808855425,若 松,,,1.0,0.01,315.0,pl_prob_bin,"(0.116, 0.206]",1,0.3265822784810127,395,0.030379746835443037,43.666666666666664
2025-08-11-07-若 松,8.6,78,0.13555232803387884,0.11220561739575495,0.023346710638123894,6-1-5,1.2622224206653176,1.5364260975542177,若 松,,,2.0,0.02,45.0,pl_prob_bin,"(0.116, 0.206]",1,0.3265822784810127,395,0.030379746835443037,43.666666666666664
2025-08-11-08-若 松,25.3,213,0.11890928364399828,0.09860577338628168,0.020303510257716595,1-3-2,1.42091714122922,1.0373877319837124,若 松,,,3.0,0.03,45.0,pl_prob_bin,"(0.116, 0.206]",1,0.3265822784810127,395,0.030379746835443037,43.666666666666664
2025-08-11-12-若 松,177.9,1,0.15602273970602776,0.1000107693057502,0.056011970400277555,6-3-2,1.195721098893734,2.4867106649891633,若 松,,,3.0,0.03,270.0,pl_prob_bin,"(0.116, 0.206]",1,0.3265822784810127,395,0.030379746835443037,43.666666666666664
2025-08-12-01-若 松,14.6,143,0.126047538243264,0.10954961176116168,0.016497926482102326,1-4-3,1.3642830922005293,1.312318128983127,若 松,,,1.0,0.01,0.0,pl_prob_bin,"(0.116, 0.206]",1,0.3265822784810127,395,0.030379746835443037,43.666666666666664
2025-08-12-05-若 松,14.1,6,0.1602507483385047,0.15103206894204868,0.009218679396456014,1-2-3,1.2663624915537346,1.5989665500048778,若 松,,,2.0,0.02,0.0,pl_prob_bin,"(0.116, 0.206]",1,0.3265822784810127,395,0.030379746835443037,43.666666666666664
2025-08-12-12-若 松,13.3,17,0.12014996170963073,0.10837884987634372,0.01177111183328701,1-3-2,1.3585932822711204,1.3105344309421,若 松,,,3.0,0.03,45.0,pl_prob_bin,"(0.116, 0.206]",1,0.3265822784810127,395,0.030379746835443037,43.666666666666664
