race_key,trifecta_odds,scores,ranks,true_order_prob,true_order_rank
若松_20250421_1,37.5,"[1.2052738666534424, -1.1868003606796265, -1.5595184564590454, 3.1453750133514404, 0.12470576167106628, 0.795975923538208]","[2, 6, 5, 1, 4, 3]",0.05687109861222918,3
若松_20250421_10,86.2,"[-0.01565634272992611, 2.0450823307037354, -0.7108920812606812, -1.0794512033462524, 0.8377959728240967, -1.5097072124481201]","[2, 1, 5, 3, 4, 6]",0.007719650219408664,37
若松_20250421_11,5.9,"[4.322993278503418, 0.7147058248519897, 1.1457245349884033, -1.59587824344635, -1.0943418741226196, -0.7687851786613464]","[1, 2, 3, 6, 5, 4]",0.06675535244594663,3
若松_20250421_12,26.0,"[1.6969596147537231, 0.4079914391040802, -0.08111480623483658, 0.47480112314224243, -1.2828994989395142, 0.4842539131641388]","[1, 6, 3, 2, 5, 4]",0.0020533307343988446,106
若松_20250421_2,38.6,"[2.5370781421661377, -0.24886995553970337, 1.7481456995010376, 0.18214325606822968, 1.3168283700942993, 0.14785920083522797]","[1, 4, 2, 5, 3, 6]",0.015639233831114947,10
若松_20250421_3,201.4,"[-0.5841166973114014, 2.55045223236084, 1.0224273204803467, 1.4946069717407227, 0.8959671258926392, -0.7554766535758972]","[5, 2, 1, 6, 3, 4]",0.0002145282140837387,296
若松_20250421_4,24.5,"[4.466166973114014, 0.3550232946872711, 2.179847478866577, 1.4030475616455078, 1.5075054168701172, 0.25389039516448975]","[1, 5, 3, 2, 6, 4]",0.003860724630089402,65
若松_20250421_5,11.0,"[2.792935848236084, 0.9053815603256226, 0.8472639918327332, 1.2944222688674927, 0.09207804501056671, -0.38691702485084534]","[1, 5, 3, 2, 6, 4]",0.008609239955523415,27
若松_20250421_6,120.1,"[1.6291052103042603, 1.7293967008590698, 1.154937744140625, 0.7026123404502869, 1.013593077659607, 2.1053783893585205]","[4, 5, 2, 6, 1, 3]",0.0015526786840368628,219
若松_20250421_7,15.1,"[2.959433078765869, 1.4459058046340942, 0.8867392539978027, 0.28322070837020874, -0.1016409769654274, 0.798193633556366]","[1, 6, 5, 3, 4, 2]",0.0008188224507585603,222
若松_20250421_8,9.4,"[4.514884948730469, 0.7937434315681458, 0.17296715080738068, 1.9272973537445068, -0.013690492138266563, -0.589920699596405]","[1, 3, 4, 2, 6, 5]",0.03612799178644597,5
若松_20250421_9,87.9,"[3.064807415008545, 1.0259664058685303, 2.151808977127075, 1.5845255851745605, 0.6094586849212646, 0.6663846969604492]","[4, 5, 2, 1, 6, 3]",0.0009516807744725975,219
若松_20250424_1,8.5,"[2.587897539138794, 0.6863881349563599, 1.4006232023239136, -1.5151491165161133, 0.8949857950210571, -1.1228814125061035]","[1, 3, 2, 6, 4, 5]",0.052071848193840004,2
若松_20250424_10,5.8,"[3.5159871578216553, -0.48198914527893066, 1.2801417112350464, -0.29478585720062256, -0.9923333525657654, 1.3244065046310425]","[1, 4, 2, 3, 6, 5]",0.005000574255235227,48
若松_20250424_11,8.3,"[2.671095132827759, 2.5164918899536133, -0.5456230044364929, 0.059130944311618805, 0.10739104449748993, -0.30858510732650757]","[1, 2, 6, 5, 3, 4]",0.02374203670545601,5
若松_20250424_12,220.5,"[3.7345311641693115, 0.8789789080619812, 1.321914792060852, 1.792205810546875, 1.0723148584365845, 0.8121562004089355]","[2, 6, 5, 4, 1, 3]",0.0017246706371948283,159
若松_20250424_2,131.0,"[0.5630844831466675, 0.18800871074199677, 2.2684130668640137, 1.1819429397583008, 1.1813387870788574, -1.0501426458358765]","[5, 3, 6, 1, 2, 4]",1.4270721054222795e-05,609
若松_20250424_3,211.5,"[2.5791923999786377, 1.0879871845245361, -0.6320184469223022, 0.16545729339122772, 1.756223440170288, 1.224989891052246]","[3, 6, 5, 2, 1, 4]",0.0005834191890444238,220
若松_20250424_4,44.8,"[1.3573135137557983, 2.280388355255127, 0.8500710129737854, 1.5330078601837158, -0.6842067837715149, -0.4933300316333771]","[1, 4, 2, 3, 6, 5]",0.0034300011542495253,71
若松_20250424_5,3.9,"[3.1112823486328125, 1.0204401016235352, 0.49226388335227966, 1.2054904699325562, -0.9150969386100769, 0.9250982999801636]","[1, 2, 4, 3, 5, 6]",0.003663497505074234,59
若松_20250424_6,18.5,"[2.291259527206421, 1.7322522401809692, 0.8999238610267639, -0.1145116314291954, -0.20560318231582642, 0.2178540676832199]","[2, 1, 3, 6, 4, 5]",0.012750200766826904,14
若松_20250424_7,49.6,"[3.650197744369507, 2.5864980220794678, -0.9825069904327393, 0.508274257183075, -0.5551537871360779, 0.2583637535572052]","[1, 5, 4, 2, 6, 3]",0.0001405864284924621,192
若松_20250424_8,5.4,"[2.8001749515533447, 1.847444772720337, 0.9930533170700073, -1.3681126832962036, 0.2549706995487213, -0.8861148953437805]","[1, 3, 2, 6, 5, 4]",0.019769389857869493,13
若松_20250424_9,10.4,"[2.799025535583496, 0.5696089267730713, -1.2348628044128418, 0.22064433991909027, -0.08146167546510696, -0.42562878131866455]","[1, 5, 4, 3, 2, 6]",0.003591803964945758,72
若松_20250425_1,472.1,"[0.7270223498344421, -0.9478363990783691, -1.0569511651992798, -0.4489375948905945, 0.058431316167116165, -0.551779568195343]","[4, 1, 5, 2, 3, 6]",0.0007068985366089212,347
若松_20250425_10,101.6,"[1.2313306331634521, -1.427651286125183, -1.4433039426803589, -1.196495771408081, 0.6770152449607849, 1.2280189990997314]","[5, 4, 6, 2, 3, 1]",0.0003363294396021099,210
若松_20250425_11,12.2,"[2.412609815597534, -0.7961792945861816, -1.3426666259765625, -0.21567700803279877, 0.5828970670700073, -0.18157975375652313]","[1, 4, 6, 3, 5, 2]",0.005621638673610009,48
若松_20250425_12,68.2,"[2.6653895378112793, -0.1541537493467331, -0.10626573860645294, -1.5107184648513794, -0.8011796474456787, -1.4552643299102783]","[1, 5, 4, 3, 6, 2]",0.0018033986498350325,107
若松_20250425_2,86.4,"[-1.631535530090332, 0.3021758496761322, 0.7670421600341797, 0.793163537979126, -1.0488781929016113, -0.3022693693637848]","[4, 3, 1, 2, 6, 5]",0.007426486044917946,36
若松_20250425_3,27.1,"[-0.12021149694919586, 0.1672709584236145, -0.7871034145355225, -0.4476275146007538, -0.08902841061353683, -0.009894679300487041]","[5, 1, 6, 3, 4, 2]",0.0035136143931401103,32
若松_20250425_4,74.7,"[2.2592508792877197, -1.1841760873794556, 0.6168463826179504, -0.02840200439095497, 1.761390209197998, 0.03258756175637245]","[1, 6, 2, 5, 4, 3]",0.007198778007599622,37
若松_20250425_5,4.0,"[2.997606039047241, 1.0624473094940186, -0.9069076776504517, 0.4620591104030609, -1.1044327020645142, -0.29391711950302124]","[1, 2, 6, 3, 5, 4]",0.04392453678678785,2
若松_20250425_6,36.0,"[1.1223102807998657, -1.038130283355713, 0.16621644794940948, 0.5624061822891235, 1.820317029953003, 0.41064295172691345]","[6, 4, 1, 5, 2, 3]",0.00022607975802032987,415
若松_20250425_7,13.5,"[2.4526472091674805, -1.5741008520126343, 1.1538074016571045, -1.7669316530227661, -0.19789466261863708, 1.16608726978302]","[2, 5, 1, 6, 4, 3]",0.03270448933318921,6
若松_20250425_8,4.2,"[3.5210022926330566, 1.9123512506484985, 0.7004490494728088, -1.0233186483383179, -0.4058748483657837, -0.538875162601471]","[1, 2, 3, 5, 4, 6]",0.0437237937737547,3
若松_20250425_9,23.0,"[2.0752921104431152, -1.9016300439834595, -0.5972297191619873, -2.00938081741333, 0.29256775975227356, 0.6067675352096558]","[3, 6, 2, 4, 5, 1]",0.0005132549889485406,159
若松_20250426_1,40.4,"[1.4140875339508057, -2.193497896194458, -1.899170160293579, -1.0935503244400024, -0.8914349675178528, -1.8994089365005493]","[1, 5, 6, 3, 4, 2]",0.008774907461069627,34
若松_20250426_10,7.3,"[1.8645312786102295, -0.03980223834514618, 1.4501399993896484, 0.2667548358440399, -1.1151173114776611, -1.7305656671524048]","[1, 2, 3, 4, 6, 5]",0.011602715774273986,26
若松_20250426_11,4.3,"[1.967866063117981, 0.09786046296358109, -1.755501627922058, -0.690458357334137, -0.10769534111022949, -1.4322479963302612]","[1, 2, 5, 4, 3, 6]",0.030752586987374358,3
若松_20250426_12,6.3,"[1.9580295085906982, 0.6936662793159485, 0.08731140941381454, -0.9912081956863403, 0.8331855535507202, -0.8176172971725464]","[1, 2, 3, 6, 4, 5]",0.017912523435256907,7
若松_20250426_2,17.2,"[0.06875383853912354, -0.519927978515625, 0.836786687374115, -0.049852997064590454, -0.16027608513832092, -1.440517544746399]","[2, 4, 1, 5, 3, 6]",0.009581188696047946,12
若松_20250426_3,119.6,"[1.153122067451477, 0.46706709265708923, 0.7665789723396301, 0.042403701692819595, 1.56954824924469, -1.4206584692001343]","[6, 4, 1, 3, 2, 5]",0.0002854015335816508,336
若松_20250426_4,160.1,"[1.1707414388656616, -0.4777773320674896, 0.1671363264322281, 1.3227874040603638, 0.7077630758285522, 0.8326613903045654]","[2, 6, 1, 4, 3, 5]",0.0025179927776364046,120
若松_20250426_5,6.4,"[3.379551410675049, 1.746134877204895, 0.2497788518667221, 0.7562324404716492, -0.7519328594207764, -1.1215786933898926]","[1, 3, 6, 2, 5, 4]",0.004936874377369058,47
若松_20250426_6,8.0,"[3.28706955909729, -1.239845871925354, 1.4762020111083984, -0.3690530061721802, 0.1271498054265976, 0.023541217669844627]","[2, 5, 1, 4, 6, 3]",0.0024716255395075943,76
若松_20250426_7,12.2,"[3.0464508533477783, 0.550735354423523, 1.2541580200195312, 0.009091989137232304, -1.02383291721344, -0.07204004377126694]","[1, 2, 3, 5, 6, 4]",0.03053838531577113,6
若松_20250426_8,16.7,"[2.7921829223632812, 0.9588631391525269, -0.26029688119888306, 0.27662193775177, -0.9768043160438538, -0.5330943465232849]","[1, 2, 4, 3, 5, 6]",0.025672429595050096,5
若松_20250426_9,7.3,"[1.5274518728256226, 1.5459915399551392, 1.145808219909668, -0.9588727951049805, 1.8864985704421997, -0.20913074910640717]","[1, 3, 2, 5, 6, 4]",9.848635771593041e-05,419
若松_20250429_1,194.4,"[-1.8842333555221558, 0.3575533330440521, -0.5342366099357605, -2.2275826930999756, 0.005427755881100893, -0.5570725798606873]","[6, 3, 1, 4, 2, 5]",0.003025698852933437,84
若松_20250429_10,76.5,"[2.3053388595581055, 0.24281150102615356, -0.9134674668312073, -0.053843360394239426, 1.0687676668167114, -1.2231258153915405]","[2, 4, 5, 1, 3, 6]",0.008945989387011282,30
若松_20250429_11,35.1,"[3.075690269470215, 0.14898283779621124, 0.6286647319793701, -0.7096922397613525, -0.11716199666261673, -0.5510411262512207]","[1, 4, 2, 5, 3, 6]",0.020871461222008256,6
若松_20250429_12,15.8,"[1.8455039262771606, 0.041538093239068985, 0.09129828959703445, -1.537805438041687, -0.2004677951335907, -0.6367507576942444]","[1, 3, 2, 4, 6, 5]",0.004038546713188287,60
若松_20250429_2,115.2,"[3.64437198638916, -1.4798866510391235, -0.49355587363243103, -0.5026395320892334, -0.2496969848871231, -1.3111984729766846]","[1, 4, 2, 5, 6, 3]",0.0020347866537360412,102
若松_20250429_3,188.8,"[1.9409962892532349, 0.4765309989452362, 0.049994129687547684, 0.02287588082253933, -1.2738758325576782, -0.34893518686294556]","[3, 2, 4, 1, 6, 5]",0.003816556771624915,70
若松_20250429_4,15.2,"[0.6390876173973083, -0.7445030808448792, 0.3435373306274414, -0.6519490480422974, 1.6848562955856323, -0.3293966054916382]","[1, 3, 4, 5, 2, 6]",0.003912465261032044,78
若松_20250429_5,3.6,"[3.1208834648132324, -0.16881538927555084, -1.026597261428833, 1.0161499977111816, -1.2601591348648071, -1.4021950960159302]","[1, 2, 6, 3, 4, 5]",0.01543464417590108,19
若松_20250429_6,7.0,"[2.8664681911468506, 0.49148237705230713, -0.5866286754608154, -1.340058445930481, -0.2198219895362854, -1.3667770624160767]","[1, 2, 6, 5, 3, 4]",0.01263233391553617,24
若松_20250429_7,9.0,"[2.1349191665649414, -0.427192747592926, -0.7102147340774536, 0.7698690295219421, 2.897637128829956, -1.1384754180908203]","[1, 5, 6, 3, 2, 4]",0.017344059101832104,16
若松_20250429_8,137.1,"[2.0921263694763184, -0.7841607928276062, -1.775922179222107, -1.167990803718567, -0.7321146726608276, -0.1713898926973343]","[2, 1, 6, 4, 5, 3]",0.004027291263161152,72
若松_20250429_9,11.8,"[1.648305058479309, -1.9086331129074097, -1.4161967039108276, -1.1796029806137085, -1.4875918626785278, -1.8375451564788818]","[1, 5, 2, 3, 6, 4]",0.00801363584768876,38
若松_20250504_1,11.8,"[3.128211736679077, -0.6133638024330139, -1.2497999668121338, -0.8753432035446167, -0.797264575958252, -1.7444654703140259]","[1, 3, 2, 6, 5, 4]",0.004219499451527042,74
若松_20250504_10,388.8,"[1.0410724878311157, -0.0013132498133927584, 0.8642634153366089, -1.6918565034866333, 0.5542799234390259, -1.2002896070480347]","[5, 1, 2, 6, 3, 4]",0.0011095048674062086,157
若松_20250504_11,6.0,"[2.9430179595947266, -0.7313327193260193, 1.6023668050765991, -1.0214802026748657, -1.0298113822937012, -1.7034932374954224]","[1, 5, 2, 3, 6, 4]",0.015663684857832344,15
若松_20250504_12,9.2,"[3.1702864170074463, 1.7475955486297607, -0.22216297686100006, 0.3123370409011841, 1.0528489351272583, -1.6618847846984863]","[1, 2, 5, 3, 4, 6]",0.05636006479484641,4
若松_20250504_2,31.8,"[1.935245394706726, 0.8323485255241394, 0.6596959233283997, 1.897200584411621, -0.18648533523082733, -1.441933512687683]","[1, 3, 5, 2, 4, 6]",0.021834803434326585,7
若松_20250504_3,41.4,"[0.9590027928352356, -0.3417245149612427, 0.09625796973705292, -0.5755482912063599, -0.16452544927597046, 0.7653288245201111]","[2, 4, 3, 6, 5, 1]",0.008294564423530455,5
若松_20250504_4,54.4,"[1.7219218015670776, 0.6291065216064453, 2.246685028076172, -1.623100757598877, 1.336025595664978, 0.68324214220047]","[5, 1, 2, 6, 3, 4]",0.0029769575437812597,78
若松_20250504_5,3.8,"[3.208146095275879, 2.1376428604125977, -1.6258682012557983, -0.545184850692749, -1.3368531465530396, -0.7105711698532104]","[1, 2, 6, 3, 5, 4]",0.06749544790452687,1
若松_20250504_6,59.9,"[-1.7422943115234375, -0.286170095205307, -0.7318172454833984, -1.387077808380127, 1.3375815153121948, -1.3293185234069824]","[6, 2, 4, 3, 1, 5]",0.017429991343523143,6
若松_20250504_7,12.5,"[3.7004499435424805, 0.7266534566879272, -0.19102784991264343, -1.795634150505066, 0.34844014048576355, -1.0174802541732788]","[1, 3, 2, 5, 6, 4]",0.0015327645196206224,85
若松_20250504_8,161.5,"[1.122076392173767, 0.2924736440181732, 0.8538755178451538, -0.6795299649238586, -1.295653223991394, -0.6940540075302124]","[5, 2, 1, 3, 6, 4]",0.0009557242721114972,208
若松_20250504_9,264.2,"[-0.1651221066713333, 0.5734555125236511, -0.03830130025744438, -0.5975391864776611, -1.102665901184082, -2.4141132831573486]","[5, 3, 1, 2, 6, 4]",0.0009547290204591468,180
若松_20250515_1,9.3,"[1.0482203960418701, 1.2924015522003174, -0.2896614968776703, -0.4244077205657959, -0.5732724666595459, -0.8979442715644836]","[1, 3, 2, 4, 5, 6]",0.006466082613080591,38
若松_20250515_10,18.7,"[3.102665424346924, 0.5193541049957275, 0.5844094753265381, 2.6356518268585205, 2.2733712196350098, -1.2518634796142578]","[1, 4, 6, 2, 3, 5]",0.010096274678403596,22
若松_20250515_11,29.2,"[2.497236728668213, -0.5720862150192261, 1.5012346506118774, -0.19124014675617218, 0.9231541752815247, -0.8232095837593079]","[1, 5, 3, 4, 2, 6]",0.029764477546605113,4
若松_20250515_12,32.2,"[3.107646942138672, 1.2793068885803223, 3.0289034843444824, 0.11272147297859192, 0.565483808517456, -0.24486897885799408]","[2, 3, 1, 6, 4, 5]",0.03040509701735659,7
若松_20250515_2,57.5,"[-0.9156022071838379, 2.345132827758789, 0.7781175374984741, -0.9407427906990051, 1.4773054122924805, -0.6503585577011108]","[4, 1, 3, 6, 2, 5]",0.03453911442249438,3
若松_20250515_3,78.9,"[3.9584991931915283, 0.023754825815558434, 1.169482707977295, 0.9138894081115723, -0.3401198089122772, 0.17371110618114471]","[1, 2, 4, 5, 6, 3]",0.006196868051202479,48
若松_20250515_4,30.6,"[-0.49534279108047485, 3.2027018070220947, -0.05536958575248718, 0.10084155201911926, 1.77485191822052, 0.23676544427871704]","[6, 1, 5, 3, 2, 4]",0.032972212993791536,2
若松_20250515_5,61.5,"[2.92862868309021, 2.0044946670532227, -0.2610173523426056, 1.7954291105270386, -0.48293864727020264, 1.0148378610610962]","[3, 2, 4, 1, 5, 6]",0.0011307277311318523,136
若松_20250515_6,40.0,"[4.5733747482299805, 0.6888476610183716, 0.8174780011177063, 0.6932282447814941, 1.6712408065795898, 0.4134822487831116]","[1, 6, 5, 2, 3, 4]",0.00900970923213279,41
若松_20250515_7,97.2,"[3.354538917541504, -0.5158601403236389, 2.6155624389648438, 2.3243777751922607, -0.4515346884727478, 2.374309778213501]","[4, 5, 2, 3, 6, 1]",0.00501115064289524,43
若松_20250515_8,6.7,"[3.4109654426574707, 0.6439710855484009, 1.004647135734558, -0.9869575500488281, 0.6368488669395447, 0.02555225044488907]","[1, 2, 3, 4, 6, 5]",0.0034440490425236185,62
若松_20250515_9,125.5,"[3.508918285369873, 1.1875009536743164, 0.9397795796394348, 2.149449110031128, 1.3865199089050293, -0.7681190371513367]","[3, 5, 2, 1, 4, 6]",0.0035298587628759047,60
若松_20250517_1,9.3,"[1.166167974472046, 2.1302616596221924, -0.7540222406387329, 1.6490871906280518, -0.1537266969680786, -1.1147619485855103]","[1, 2, 4, 3, 5, 6]",0.014914526123165812,17
若松_20250517_10,25.7,"[3.1476902961730957, 1.2684880495071411, 2.8182196617126465, -0.5092054605484009, -0.9463441371917725, -0.7238445281982422]","[2, 3, 1, 6, 5, 4]",0.02789209868537212,11
若松_20250517_11,192.7,"[2.530292272567749, 0.11802557110786438, 0.13364672660827637, 0.03711359575390816, 0.10115213692188263, -0.6353146433830261]","[3, 5, 1, 2, 4, 6]",0.000925449702947737,243
若松_20250517_12,210.0,"[1.527953028678894, 2.8720264434814453, 0.65572589635849, 0.796401858329773, 1.2437480688095093, -1.1317546367645264]","[6, 1, 3, 5, 2, 4]",0.0005030850914683961,216
若松_20250517_2,12.1,"[2.556211233139038, 3.1551053524017334, 1.799392819404602, -0.38373038172721863, 1.0120749473571777, 1.127171277999878]","[2, 1, 5, 6, 3, 4]",0.015029319281669628,15
若松_20250517_3,5.4,"[3.774397611618042, 0.5308921933174133, 0.6635692715644836, -0.1348474621772766, 2.412177324295044, -0.31866690516471863]","[1, 5, 2, 4, 3, 6]",0.012306036200977638,23
若松_20250517_4,72.0,"[1.1549006700515747, 0.9496500492095947, 0.3511981666088104, 0.5724547505378723, 3.271815538406372, -0.13970805704593658]","[3, 6, 5, 2, 1, 4]",0.0032803079604151082,90
若松_20250517_5,333.5,"[2.5946061611175537, 0.4130135774612427, -0.0242599043995142, 1.0697919130325317, 1.1679598093032837, -0.6262746453285217]","[5, 6, 3, 2, 1, 4]",3.980185149482158e-05,512
若松_20250517_6,20.3,"[4.186124324798584, -0.7578021287918091, 2.28503680229187, 1.8739606142044067, 0.14209456741809845, -0.6511778235435486]","[2, 4, 3, 1, 5, 6]",0.008087681688180267,29
若松_20250517_7,311.5,"[1.1010249853134155, 2.3004584312438965, 0.9401938319206238, 1.1026307344436646, -0.058894604444503784, 0.6265477538108826]","[4, 5, 6, 2, 1, 3]",0.00010755515233997365,561
若松_20250517_8,27.8,"[4.539948463439941, 1.6248488426208496, 1.6218088865280151, 0.20408867299556732, -0.7296800017356873, -0.8570465445518494]","[1, 3, 4, 2, 5, 6]",0.0183181649336228,13
若松_20250517_9,19.6,"[1.8624411821365356, -0.08899085968732834, 3.1269381046295166, -0.32195335626602173, -0.7263385653495789, -0.46776890754699707]","[2, 5, 1, 4, 6, 3]",0.025407090165699128,8
若松_20250518_1,62.8,"[2.5945653915405273, -1.3097774982452393, 0.5600309371948242, 4.134029388427734, -0.8833881616592407, -1.185089349746704]","[2, 5, 3, 1, 4, 6]",0.08261783670554998,2
若松_20250518_10,70.4,"[3.951335906982422, 1.3734426498413086, 0.2903811037540436, 0.33754292130470276, 1.335694432258606, -1.1340067386627197]","[1, 5, 3, 4, 2, 6]",0.012689218092578789,20
若松_20250518_11,71.9,"[1.610571026802063, 1.1355617046356201, 2.1683754920959473, -1.4020415544509888, 1.1048533916473389, -0.29605889320373535]","[1, 5, 2, 6, 3, 4]",0.009413063098139648,29
若松_20250518_12,22.0,"[2.299248695373535, -1.221773624420166, 1.2194716930389404, -1.3903201818466187, 2.135993719100952, -0.9506056308746338]","[2, 4, 1, 6, 3, 5]",0.013299540591415566,22
若松_20250518_2,11.3,"[2.699204444885254, 1.9810649156570435, -0.9343852996826172, -1.1217652559280396, 0.28237274289131165, -0.5973784327507019]","[1, 2, 4, 5, 3, 6]",0.026066626553282634,8
若松_20250518_3,58.8,"[2.7150516510009766, 3.027827024459839, -0.16011300683021545, -0.5361282825469971, -0.7961789965629578, -0.6356990933418274]","[6, 1, 2, 3, 5, 4]",8.810985309175298e-07,481
若松_20250518_4,82.2,"[0.11217503994703293, -0.07594407349824905, 0.6052526831626892, -1.093837857246399, 2.6337459087371826, 1.8242089748382568]","[2, 6, 1, 5, 4, 3]",0.0002639249729906841,252
若松_20250518_5,4.1,"[4.370849609375, 2.527505397796631, 0.39164048433303833, -1.151351809501648, -0.7854857444763184, -0.7118386626243591]","[1, 2, 3, 5, 4, 6]",0.052480863278002096,4
若松_20250518_6,32.3,"[3.4852685928344727, -0.6721380352973938, 1.8761831521987915, 0.7478268146514893, -0.2875385880470276, -1.020862102508545]","[1, 6, 5, 2, 3, 4]",0.0006509150053091973,134
若松_20250518_7,14.5,"[3.068086862564087, 2.149592876434326, -1.117555856704712, -1.1586800813674927, 3.709055185317993, 1.1083377599716187]","[2, 4, 6, 5, 1, 3]",0.03928564212022886,8
若松_20250518_8,14.0,"[2.00426983833313, -0.14956128597259521, 1.5760122537612915, -0.7397291660308838, 0.686681866645813, -0.9920534491539001]","[2, 4, 1, 6, 3, 5]",0.023962990253230024,6
若松_20250518_9,15.7,"[4.367353916168213, -1.0910460948944092, 0.13739268481731415, -1.2421735525131226, 1.7002547979354858, 0.8159178495407104]","[1, 6, 4, 5, 3, 2]",0.04799147128379028,6
若松_20250519_1,51.9,"[1.937872052192688, 0.7369039058685303, -0.5465823411941528, 0.7506445646286011, 1.9703377485275269, -0.702368974685669]","[2, 4, 5, 3, 1, 6]",0.0299735870445222,1
若松_20250519_10,19.2,"[4.263271808624268, 2.9978349208831787, 0.6468895673751831, -0.9482932090759277, 0.2286444455385208, -0.27979612350463867]","[1, 2, 6, 4, 3, 5]",0.006432660666870702,36
若松_20250519_11,12.9,"[4.442495346069336, 2.194385290145874, 0.06040679290890694, 0.07132235914468765, 2.170046806335449, -0.4589218497276306]","[1, 2, 4, 5, 3, 6]",0.06473959980820503,2
若松_20250519_12,78.7,"[0.9177149534225464, 1.1203014850616455, 0.8324888944625854, -0.08161478489637375, -0.6828403472900391, 0.0534934438765049]","[4, 5, 1, 2, 6, 3]",0.001331301551891996,215
若松_20250519_2,51.6,"[2.775028705596924, 1.6059093475341797, 0.515767514705658, -0.895780086517334, 0.07637427002191544, 1.3016434907913208]","[2, 4, 3, 6, 5, 1]",0.010052593832517772,24
若松_20250519_3,21.4,"[1.5327253341674805, 1.378644347190857, -0.24359004199504852, -0.17632439732551575, -0.5043022036552429, 3.2185792922973633]","[1, 5, 6, 3, 4, 2]",0.0013197283186637736,116
若松_20250519_4,64.5,"[2.2795827388763428, 1.2839831113815308, 0.8722836971282959, 1.0222989320755005, 1.0149013996124268, -0.6997932195663452]","[2, 1, 4, 3, 6, 5]",0.0018945014767605048,116
若松_20250519_5,9.1,"[3.9279561042785645, -0.7422102093696594, 0.41257402300834656, 1.6073646545410156, 0.35147833824157715, -0.8916229605674744]","[1, 4, 3, 2, 5, 6]",0.030593222696737074,7
若松_20250519_6,93.6,"[0.454745888710022, 4.1624369621276855, 1.5735828876495361, 1.047426700592041, -0.09977027028799057, 1.812580943107605]","[5, 1, 2, 4, 6, 3]",0.04292093904971573,2
若松_20250519_7,5.4,"[4.355677127838135, 0.3637322783470154, 1.0099544525146484, 1.785493016242981, 0.6323034167289734, -0.5824065804481506]","[1, 6, 3, 2, 4, 5]",0.022930861868675288,10
若松_20250519_8,26.5,"[2.7922301292419434, 1.396348476409912, 1.3502455949783325, -0.49583694338798523, 2.635380506515503, -0.8316284418106079]","[1, 4, 3, 5, 2, 6]",0.05069550429557014,2
若松_20250519_9,28.0,"[2.8177075386047363, 3.323603630065918, 0.3325519561767578, 0.8138673901557922, 0.9418232440948486, 0.794277012348175]","[1, 6, 5, 2, 3, 4]",5.029452436953677e-06,555
若松_20250520_1,5.5,"[1.5630673170089722, 3.170133113861084, 0.22639384865760803, -0.8030506372451782, -0.2975151836872101, -0.7054694890975952]","[1, 2, 3, 5, 4, 6]",0.012062538907767019,24
若松_20250520_10,107.1,"[1.5621271133422852, 0.7888556718826294, 0.6527958512306213, 1.112351894378662, 2.129730224609375, -0.6414219737052917]","[5, 1, 3, 4, 2, 6]",0.002923212772220147,90
若松_20250520_11,53.2,"[3.8302958011627197, 2.190110921859741, 3.455876350402832, 1.4723795652389526, 2.5638792514801025, 0.13764354586601257]","[1, 5, 2, 6, 4, 3]",0.0032619895679294967,68
若松_20250520_12,8.1,"[4.429844379425049, 2.0527260303497314, 1.6368783712387085, 0.8639984726905823, 1.1770341396331787, -0.740005612373352]","[1, 5, 2, 3, 4, 6]",0.009996801073250032,27
若松_20250520_2,29.8,"[3.279780387878418, 0.0443161278963089, 0.9757276773452759, 4.349931240081787, 3.331298589706421, -0.6103642582893372]","[5, 4, 3, 1, 2, 6]",0.0008475487742327671,84
若松_20250520_3,13.4,"[3.779118299484253, 1.0994418859481812, 1.5156733989715576, -0.16850824654102325, 0.4296340048313141, -0.4887083172798157]","[1, 2, 5, 3, 4, 6]",0.005187039834258134,47
若松_20250520_4,6.7,"[3.4650251865386963, -0.46900472044944763, 1.9703214168548584, 0.25692978501319885, -0.2854864001274109, -0.5644450187683105]","[1, 4, 2, 3, 5, 6]",0.03797159575503742,3
若松_20250520_5,29.8,"[4.645419120788574, 0.2874907851219177, 0.08710320293903351, 0.69069904088974, 1.2443503141403198, -0.3417894244194031]","[1, 2, 6, 4, 3, 5]",0.014171124628395869,21
若松_20250520_6,44.2,"[3.7613823413848877, 0.5331859588623047, 1.392281174659729, 0.7118610739707947, -0.2821042239665985, -0.12458916008472443]","[2, 4, 1, 3, 5, 6]",0.006075012397150271,45
若松_20250520_7,10.6,"[3.3216896057128906, -0.5528518557548523, 0.14378905296325684, -0.24037489295005798, 2.5597598552703857, -0.5851694941520691]","[1, 5, 3, 4, 2, 6]",0.04006551564137704,1
若松_20250520_8,267.2,"[1.9780021905899048, 3.2490293979644775, 0.9529796838760376, 1.20358407497406, 0.10815855860710144, -0.6363480687141418]","[4, 1, 3, 2, 6, 5]",0.008488752241468524,29
若松_20250520_9,104.9,"[2.070371389389038, 1.749822735786438, 0.024686506018042564, 0.4351123869419098, 0.45490655303001404, 1.8851370811462402]","[2, 1, 4, 5, 6, 3]",0.007519523933087863,36
若松_20250523_1,15.5,"[1.4742939472198486, 1.1448633670806885, 0.5413490533828735, -0.8180754780769348, 0.3561229109764099, -0.32631009817123413]","[1, 3, 2, 6, 4, 5]",0.015975509090869415,5
若松_20250523_10,108.3,"[2.3330812454223633, -0.6334021091461182, 0.6969070434570312, 2.6680915355682373, 0.2175106257200241, 1.5988962650299072]","[5, 4, 2, 1, 6, 3]",0.0005173692540034743,204
若松_20250523_11,100.7,"[3.1352057456970215, 1.3328396081924438, 0.9526887536048889, -0.10826364159584045, 1.6325945854187012, 3.2009034156799316]","[3, 6, 2, 5, 4, 1]",0.0021005961152599354,100
若松_20250523_12,12.0,"[3.192218542098999, 1.0336527824401855, 0.6846675872802734, 0.13407963514328003, 1.1895686388015747, -0.5063158273696899]","[1, 3, 2, 5, 4, 6]",0.022036480953634415,8
若松_20250523_2,14.3,"[2.8411319255828857, 0.8319925665855408, 0.83261638879776, 0.49273160099983215, 0.06997381150722504, -0.800822913646698]","[1, 4, 3, 2, 5, 6]",0.02315571590926224,5
若松_20250523_3,13.1,"[0.9516561031341553, 1.501827359199524, -0.010011057369410992, -0.7479233145713806, 0.9457874894142151, 1.0842996835708618]","[1, 2, 4, 5, 6, 3]",0.0011577193069646204,189
若松_20250523_4,43.8,"[4.252678871154785, 0.48138144612312317, 0.5590314269065857, -0.6669691801071167, 1.153114676475525, -0.004507248289883137]","[1, 6, 2, 5, 4, 3]",0.0044409601743725016,60
若松_20250523_5,114.2,"[3.8969757556915283, 0.580628514289856, -0.45402991771698, 1.3560611009597778, 0.33067038655281067, -1.1235158443450928]","[2, 1, 4, 5, 3, 6]",0.0007487006644499197,122
若松_20250523_6,164.8,"[3.6034927368164062, 0.7056397795677185, -0.2540888786315918, 1.4756263494491577, -0.41799116134643555, 3.8538029193878174]","[3, 6, 5, 2, 4, 1]",0.0024314805843693556,62
若松_20250523_7,4.6,"[2.6720595359802246, 1.9969868659973145, 0.19914878904819489, -0.9944313764572144, -0.9414463639259338, -0.036802876740694046]","[1, 2, 4, 3, 6, 5]",0.0176899906979601,14
若松_20250523_8,6.2,"[2.986210346221924, 2.966566324234009, 0.6646243929862976, 0.17807362973690033, -0.7064908742904663, -0.7000833749771118]","[1, 2, 3, 5, 6, 4]",0.028532479764697284,9
若松_20250523_9,15.4,"[2.995903253555298, -0.8758816719055176, 2.266540765762329, 0.17171433568000793, 0.22882716357707977, -0.903719961643219]","[1, 6, 2, 4, 3, 5]",0.05092349855828085,2
若松_20250524_1,24.7,"[1.1210113763809204, 0.4151962697505951, -0.5879082679748535, -0.29674044251441956, 1.4026260375976562, -0.1523222029209137]","[1, 2, 3, 4, 6, 5]",0.00011342849221628697,537
若松_20250524_10,318.7,"[2.4581925868988037, -0.16972994804382324, 1.1505482196807861, 0.5870991349220276, -0.04538365453481674, -0.3333141505718231]","[3, 4, 1, 5, 6, 2]",0.0008650090167195096,212
若松_20250524_11,55.6,"[2.8832099437713623, -1.111714482307434, 3.0647757053375244, -1.1911678314208984, -0.05543202906847, -0.4670092761516571]","[2, 5, 1, 4, 6, 3]",0.006485347110418718,36
若松_20250524_12,159.2,"[2.715322732925415, 1.711121916770935, -0.07174768298864365, 2.336007595062256, 3.2102367877960205, -0.20892739295959473]","[4, 5, 6, 2, 1, 3]",0.0029587264921498995,72
若松_20250524_2,579.9,"[-0.18642738461494446, 0.11440932005643845, 0.26540711522102356, 0.9618526101112366, 0.8486100435256958, -1.3852179050445557]","[3, 5, 2, 1, 4, 6]",0.0065054201264468986,38
若松_20250524_3,14.2,"[3.6400949954986572, -0.8060461282730103, -0.03899992257356644, 0.6545538902282715, -1.0263686180114746, -0.4237186014652252]","[1, 3, 2, 6, 5, 4]",0.0009172947761705861,134
若松_20250524_4,12.6,"[1.2064056396484375, -0.8449437618255615, 0.06432876735925674, -1.9376401901245117, -0.05723769590258598, -0.8827444314956665]","[1, 4, 3, 6, 2, 5]",0.02782398273641818,3
若松_20250524_5,385.6,"[2.235273838043213, 1.4059406518936157, -0.01612379215657711, -0.9440515637397766, 0.8719227313995361, -1.6700613498687744]","[2, 4, 1, 5, 3, 6]",0.006466133589783326,41
若松_20250524_6,191.0,"[2.984971046447754, 0.49538087844848633, -0.3633086383342743, -0.638966977596283, -1.2042721509933472, 1.436641812324524]","[3, 4, 1, 6, 5, 2]",0.0008716102935917322,137
若松_20250524_7,8.6,"[3.584585189819336, -1.107413411140442, 0.3498893082141876, -1.0627273321151733, 1.4291354417800903, -0.6887698769569397]","[1, 6, 5, 4, 2, 3]",0.013426075280011569,21
若松_20250524_8,28.6,"[1.2732644081115723, 3.751811981201172, 0.4792179763317108, -0.3361785113811493, -0.677778959274292, 1.4336259365081787]","[2, 1, 5, 4, 6, 3]",0.03083120280664698,7
若松_20250524_9,10.3,"[3.1594011783599854, 0.9763779640197754, -1.1355615854263306, -1.312205195426941, -0.08209307491779327, 0.2623140215873718]","[1, 2, 5, 6, 4, 3]",0.06042322888119397,1
若松_20250525_1,17.5,"[0.4285324215888977, -1.3932585716247559, -2.1368980407714844, -1.9710427522659302, -2.325631618499756, -2.4227309226989746]","[2, 1, 3, 6, 5, 4]",0.0025817908315132867,124
若松_20250525_10,174.1,"[1.7644305229187012, -0.2884216904640198, -0.8679124116897583, -0.05542603135108948, 0.14309434592723846, -0.15498824417591095]","[3, 4, 5, 6, 1, 2]",0.0008998158609706393,267
若松_20250525_11,87.6,"[1.8490487337112427, 3.015062093734741, -0.8719614744186401, -1.8445160388946533, -0.6834215521812439, -1.147141456604004]","[2, 1, 6, 5, 4, 3]",0.017274308637700162,15
若松_20250525_12,6.4,"[1.3541297912597656, -1.4568275213241577, -1.1528810262680054, -2.048879623413086, -1.3055094480514526, -2.1104631423950195]","[1, 5, 2, 3, 6, 4]",0.0035412785426985195,84
若松_20250525_2,157.4,"[2.079866409301758, 0.6378999948501587, -0.548877477645874, 3.3492913246154785, -0.41812121868133545, -1.507704257965088]","[6, 2, 4, 1, 3, 5]",1.4649502567021417e-05,310
若松_20250525_3,58.7,"[2.9969828128814697, 0.3360988199710846, -1.3232221603393555, -0.11848630011081696, 1.4014359712600708, -1.4999960660934448]","[1, 3, 4, 5, 2, 6]",0.03446178734613407,6
若松_20250525_4,20.6,"[1.949036955833435, -0.6969413757324219, 0.5465455055236816, -1.1798745393753052, 1.3033456802368164, 0.7202244400978088]","[2, 5, 1, 6, 3, 4]",0.014621782415371293,17
若松_20250525_5,8.3,"[2.4606375694274902, 1.0541503429412842, 0.46616464853286743, 0.22314271330833435, -1.0183688402175903, -1.270298957824707]","[1, 2, 3, 4, 5, 6]",0.04975171745556413,1
若松_20250525_6,101.3,"[2.1771552562713623, 0.5017713308334351, -0.077426478266716, 0.19254833459854126, 1.3733381032943726, 0.27316927909851074]","[2, 5, 6, 3, 1, 4]",0.007195111749488474,29
若松_20250525_7,8.4,"[2.4478185176849365, 0.041676413267850876, 1.8887373208999634, -0.9981594681739807, -0.6633027791976929, 0.3480939567089081]","[1, 6, 2, 5, 4, 3]",0.010564038485788308,26
若松_20250525_8,6.0,"[1.5759857892990112, 0.18536104261875153, -0.5395632386207581, -1.0144542455673218, -0.7280715703964233, -1.6086453199386597]","[1, 2, 3, 4, 5, 6]",0.02352042202150207,3
若松_20250525_9,24.1,"[2.5325021743774414, -0.4899529814720154, -0.6049361228942871, -0.24137519299983978, -0.30782729387283325, -0.9231725335121155]","[1, 4, 6, 2, 5, 3]",0.00660301821554839,46
若松_20250526_1,25.3,"[3.4590938091278076, -0.8032076954841614, 0.371776819229126, -1.3259005546569824, -0.3084665834903717, -1.2240331172943115]","[1, 5, 2, 6, 3, 4]",0.03189528449280273,3
若松_20250526_10,80.8,"[2.8595590591430664, 0.743577241897583, 0.40262308716773987, -0.5739403963088989, 1.9821232557296753, 1.1945083141326904]","[1, 6, 4, 3, 2, 5]",0.002671892349165165,88
若松_20250526_11,63.4,"[3.722517490386963, 0.882748007774353, 1.331766128540039, -1.2562650442123413, 1.9509631395339966, -1.1468490362167358]","[3, 2, 1, 5, 4, 6]",0.0011853873753955174,82
若松_20250526_12,27.6,"[3.160093069076538, 1.062309980392456, 0.6154962778091431, -0.44321081042289734, -0.7962486743927002, 2.3119778633117676]","[1, 6, 3, 5, 4, 2]",0.002463382448729457,74
若松_20250526_2,13.8,"[2.7876737117767334, 0.6953117847442627, -1.2874723672866821, -0.9211211800575256, -1.1413218975067139, 0.37910252809524536]","[1, 3, 4, 5, 6, 2]",0.02649345351231272,9
若松_20250526_3,137.4,"[1.3443502187728882, 0.7379752397537231, 0.028745420277118683, -1.1221283674240112, -0.3843332529067993, -0.34294745326042175]","[2, 1, 4, 5, 6, 3]",0.005942862707767196,41
若松_20250526_4,51.9,"[2.724360227584839, 0.40880534052848816, 0.30187875032424927, 1.884112000465393, 1.050701379776001, -1.266936182975769]","[2, 6, 5, 1, 3, 4]",0.0034361484096639494,62
若松_20250526_5,12.4,"[2.1783204078674316, 2.470349073410034, 1.0755791664123535, -0.44017812609672546, -0.7859141230583191, -1.0844311714172363]","[2, 1, 4, 3, 5, 6]",0.021047000844893835,11
若松_20250526_6,127.8,"[0.9825230836868286, -0.08084022253751755, -3.9639129638671875, 0.5579467415809631, -0.1499517560005188, -1.4710569381713867]","[2, 3, 6, 1, 4, 5]",0.05004805355348505,3
若松_20250526_7,6.0,"[4.32275915145874, 1.165034532546997, -0.4473927617073059, -1.0402261018753052, -0.6222971677780151, 2.9236886501312256]","[1, 3, 5, 4, 6, 2]",0.051762690490613744,4
若松_20250526_8,7.0,"[3.5346577167510986, -0.4403896927833557, 0.13502664864063263, 1.1769648790359497, -0.34620749950408936, -1.1606453657150269]","[1, 4, 2, 3, 5, 6]",0.02847196206707975,6
若松_20250526_9,33.5,"[3.160907030105591, 0.18887265026569366, 0.021424805745482445, 0.13917776942253113, 0.169703871011734, -0.949388861656189]","[1, 5, 6, 2, 3, 4]",0.004792454205291106,54
若松_20250608_1,10.9,"[2.6944518089294434, 0.5349312424659729, 1.56899893283844, -0.499301016330719, 0.8147767186164856, -0.4563826620578766]","[1, 2, 3, 5, 6, 4]",0.002257493086441746,99
若松_20250608_10,37.1,"[0.8920336961746216, 3.224776268005371, 1.280509352684021, 0.00285971793346107, -0.5658625960350037, 1.4564008712768555]","[1, 2, 6, 5, 4, 3]",0.0005197411359915015,211
若松_20250608_11,48.9,"[3.3019254207611084, 1.4638090133666992, 1.3912698030471802, 0.6346263885498047, 2.2962570190429688, 2.0020079612731934]","[2, 1, 6, 4, 5, 3]",0.0011488579195000409,203
若松_20250608_12,10.6,"[2.8191137313842773, 2.1126365661621094, 1.6039855480194092, 0.29981061816215515, -0.1948782205581665, 2.1456096172332764]","[1, 3, 2, 5, 6, 4]",0.018424735600363784,10
若松_20250608_2,114.5,"[1.8450992107391357, 1.6228866577148438, -0.6283320188522339, 0.5012347102165222, -0.5044794678688049, 2.0414199829101562]","[1, 6, 4, 2, 5, 3]",0.00015554020925137075,338
若松_20250608_3,37.7,"[-0.8214556574821472, -1.096520185470581, 0.7862253189086914, 1.2508742809295654, -0.5120186805725098, 1.7090767621994019]","[4, 6, 2, 5, 3, 1]",0.0015804560142373958,127
若松_20250608_4,40.2,"[2.9815735816955566, -0.02693704329431057, 0.14242000877857208, -0.20847788453102112, 3.2225558757781982, -0.28382280468940735]","[1, 3, 4, 6, 2, 5]",0.019080447013983665,14
若松_20250608_5,11.3,"[2.4732301235198975, 2.116492509841919, 0.07599914073944092, 1.4327638149261475, -0.327460914850235, 1.9944387674331665]","[1, 5, 4, 2, 6, 3]",0.002837135580225568,78
若松_20250608_6,205.6,"[2.593453884124756, 3.291779041290283, 0.336825966835022, 0.20967090129852295, 2.47805118560791, -1.0818336009979248]","[4, 2, 5, 1, 3, 6]",0.0035022560040680576,52
若松_20250608_7,19.1,"[4.520406246185303, -0.5751328468322754, 1.5813374519348145, -0.8240073323249817, 2.6259634494781494, -0.10265651345252991]","[1, 4, 3, 6, 2, 5]",0.07837753599718854,3
若松_20250608_8,18.8,"[2.5572328567504883, 1.3592846393585205, 0.261868417263031, 0.6250516176223755, -0.6742743849754333, -0.37802818417549133]","[1, 5, 2, 3, 6, 4]",0.003069348597172104,85
若松_20250608_9,116.7,"[4.193365573883057, 1.948428988456726, 1.0038386583328247, -0.5120202898979187, 0.7294712066650391, 0.60968017578125]","[1, 3, 6, 5, 4, 2]",0.004147525292896253,62
若松_20250613_1,20.6,"[1.8682971000671387, 0.5351502299308777, -0.5399729013442993, -0.6755668520927429, 0.6495989561080933, -0.32181304693222046]","[1, 2, 4, 5, 3, 6]",0.011589810775717743,11
若松_20250613_10,7.8,"[2.109358787536621, 1.7902498245239258, 0.774803876876831, 0.8353466987609863, 0.212305948138237, 0.8058648705482483]","[1, 2, 5, 6, 4, 3]",0.004718252181521231,49
若松_20250613_11,20.2,"[3.551669120788574, 1.1208713054656982, 1.2032079696655273, 0.8087692260742188, -0.2642349302768707, 0.1652919054031372]","[1, 4, 2, 3, 5, 6]",0.017988521014238857,11
若松_20250613_12,16.0,"[3.8547589778900146, 1.4584953784942627, 0.7309616804122925, 0.7858989238739014, 2.2717814445495605, 1.631441354751587]","[1, 6, 2, 4, 3, 5]",0.002777934899181298,101
若松_20250613_2,141.8,"[1.2673439979553223, 1.686896800994873, -0.11828626692295074, 1.4816946983337402, -0.5082811117172241, 3.4009053707122803]","[4, 2, 6, 3, 5, 1]",0.03226889268406058,5
若松_20250613_3,277.7,"[2.1602213382720947, 3.227086305618286, 1.1867468357086182, -0.11065313220024109, 0.8548957705497742, -0.7540648579597473]","[3, 2, 4, 6, 1, 5]",0.005960993232720044,43
若松_20250613_4,26.7,"[3.8930513858795166, 1.63357675075531, 1.373715877532959, -0.8908134698867798, 0.3048226237297058, -0.6779786348342896]","[2, 1, 3, 5, 6, 4]",0.0024754656349626225,65
若松_20250613_5,27.1,"[3.751150131225586, 1.3624107837677002, -0.7711156606674194, 0.0963757336139679, -0.6079633235931396, 1.9987329244613647]","[1, 2, 5, 4, 6, 3]",0.04139272726468813,5
若松_20250613_6,14.1,"[1.5059454441070557, 0.8599708676338196, 1.2902852296829224, -0.7508837580680847, 1.310765027999878, 0.14025942981243134]","[1, 6, 2, 4, 5, 3]",0.0006015091346568357,266
若松_20250613_7,46.2,"[-0.8033079504966736, 4.1932525634765625, -0.4994887113571167, 1.1646764278411865, 0.6095044016838074, 0.6112111210823059]","[5, 1, 4, 3, 6, 2]",0.004469266738660346,51
若松_20250613_8,16.4,"[3.8330464363098145, 1.324846625328064, 1.2919474840164185, 0.4215027987957001, 0.028777560219168663, 2.0275611877441406]","[1, 2, 4, 6, 5, 3]",0.020268231644272418,9
若松_20250613_9,11.3,"[3.18182373046875, 1.179596185684204, 1.441202163696289, 2.9816436767578125, -0.5135108828544617, 0.6201890707015991]","[1, 4, 2, 3, 6, 5]",0.02134249189895169,10
若松_20250617_1,71.0,"[2.686174154281616, -1.569348692893982, -1.1027746200561523, -0.2814556360244751, -0.7185473442077637, -0.5483314394950867]","[1, 5, 3, 6, 4, 2]",0.002854923311427476,92
若松_20250617_10,15.1,"[3.5117099285125732, 1.2534035444259644, 1.4669406414031982, 1.399301290512085, -0.20279818773269653, -0.2745067775249481]","[1, 3, 2, 6, 4, 5]",0.002017708285019732,96
若松_20250617_11,19.4,"[2.4853055477142334, 1.6172856092453003, 1.248420238494873, 1.5868861675262451, 0.9156457185745239, -0.5056220889091492]","[2, 1, 3, 4, 5, 6]",0.01352242893017027,11
若松_20250617_12,14.8,"[3.1607048511505127, 2.9072608947753906, 1.5339856147766113, 2.1506145000457764, 3.6839702129364014, 0.9710646867752075]","[1, 2, 4, 5, 3, 6]",0.009559978602222808,24
若松_20250617_2,32.8,"[1.4062381982803345, -0.6652995347976685, 0.15388640761375427, -1.1276123523712158, -0.7065895795822144, 3.1062865257263184]","[1, 3, 6, 4, 5, 2]",0.0012678053503317988,109
若松_20250617_3,20.5,"[2.1661741733551025, 1.610234022140503, 2.748063802719116, 2.251375675201416, -0.19780926406383514, 0.3654135763645172]","[1, 5, 2, 3, 6, 4]",0.009882946841537215,29
若松_20250617_4,34.8,"[4.229227542877197, 2.442517042160034, 1.8474161624908447, 0.37678006291389465, 0.09288681298494339, 1.6532002687454224]","[1, 2, 6, 5, 4, 3]",0.002786080788206213,74
若松_20250617_5,17.5,"[4.130588531494141, 3.288222312927246, 0.27546679973602295, 1.0801281929016113, 0.18061794340610504, -0.1328871250152588]","[2, 1, 6, 3, 5, 4]",0.014582282702712104,22
若松_20250617_6,13.0,"[3.1734554767608643, 2.0012452602386475, 0.7988539338111877, 1.2336736917495728, 0.8453183770179749, 1.227336049079895]","[1, 2, 5, 3, 4, 6]",0.007655756515233138,23
若松_20250617_7,64.0,"[2.0322470664978027, 2.577929735183716, -1.0782885551452637, -0.4879443347454071, -0.07558818906545639, 1.509426474571228]","[1, 2, 5, 6, 3, 4]",0.008043534229318848,36
若松_20250617_8,37.1,"[3.7395057678222656, 1.78098464012146, -0.40745478868484497, 1.56898033618927, 0.5512388944625854, -0.7954410314559937]","[2, 3, 4, 1, 6, 5]",0.0023207914869602785,74
若松_20250617_9,77.0,"[2.660159111022949, -1.077033281326294, -1.0674651861190796, 0.29997897148132324, 4.444994926452637, -0.8947861790657043]","[2, 6, 4, 3, 1, 5]",0.06767007059919544,3
若松_20250619_1,93.3,"[1.4705666303634644, 0.252476304769516, -2.0774970054626465, -2.170536994934082, 0.22066183388233185, 0.08737010508775711]","[2, 3, 6, 5, 1, 4]",0.01821692741881214,17
若松_20250619_10,95.5,"[3.5753252506256104, 1.147250771522522, 0.12613295018672943, -0.8438257575035095, 1.6323952674865723, 0.12927551567554474]","[2, 1, 6, 4, 3, 5]",0.002886696088441493,75
若松_20250619_11,13.5,"[2.7658488750457764, 0.3744507431983948, 0.8150759935379028, -1.7681878805160522, 0.1693662852048874, -0.463655948638916]","[1, 2, 3, 5, 4, 6]",0.01274350152519173,21
若松_20250619_12,8.1,"[2.305001735687256, 1.7101728916168213, 1.0095933675765991, -0.7189427018165588, -0.6990339756011963, -0.8688814043998718]","[1, 3, 2, 5, 6, 4]",0.017019214199261536,18
若松_20250619_2,97.2,"[-0.8549529910087585, 1.7808008193969727, 1.2235300540924072, -0.7691153287887573, 0.2268897294998169, 1.579499363899231]","[6, 1, 3, 5, 4, 2]",0.03175791409866733,1
若松_20250619_3,41.2,"[2.7947068214416504, 3.155374765396118, 0.4523248076438904, 1.658369779586792, 2.726142168045044, -0.4146462678909302]","[6, 2, 4, 3, 1, 5]",8.751045593102211e-05,319
若松_20250619_4,8.3,"[1.2116464376449585, 2.046868085861206, -0.5684226155281067, -0.3984636068344116, 0.1784723550081253, -0.6050773859024048]","[1, 2, 6, 3, 4, 5]",0.009869169054471043,26
若松_20250619_5,34.3,"[2.7400336265563965, 0.5970099568367004, 0.8393777012825012, 0.3690073490142822, 0.8533636331558228, -0.0531945638358593]","[1, 4, 2, 6, 5, 3]",0.0048040702064886245,56
若松_20250619_6,28.7,"[-0.6271475553512573, 0.38866013288497925, 0.046194277703762054, -0.9210101366043091, 0.6317490935325623, 0.6712704300880432]","[5, 1, 3, 6, 4, 2]",0.007070890148663214,23
若松_20250619_7,17.4,"[-0.6872397661209106, 1.179688811302185, 1.9383949041366577, -1.506348729133606, -1.0896652936935425, 2.3150925636291504]","[3, 1, 5, 4, 6, 2]",0.00015029847613601738,211
若松_20250619_8,8.5,"[0.319932758808136, 1.5686661005020142, 2.245800495147705, -1.2838571071624756, -0.28944483399391174, -1.129541039466858]","[1, 3, 2, 5, 4, 6]",0.00982692085097647,28
若松_20250619_9,164.0,"[0.7131010890007019, -0.17115214467048645, 2.9617791175842285, 0.14133697748184204, -0.13219718635082245, -0.3189257085323334]","[2, 3, 1, 6, 5, 4]",0.007481758711583057,44
若松_20250620_1,9.7,"[2.3069522380828857, 1.0739551782608032, 1.5720282793045044, 1.5054723024368286, -0.6722966432571411, -0.03260238841176033]","[1, 6, 2, 3, 5, 4]",0.0024459597161260657,98
若松_20250620_10,72.0,"[3.363682985305786, 1.853440284729004, 1.0457309484481812, 0.17478416860103607, 1.0766619443893433, 0.2695758044719696]","[2, 3, 1, 6, 5, 4]",0.004290924652758422,68
若松_20250620_11,22.6,"[3.753634452819824, 3.3775131702423096, 1.1929115056991577, -0.04177603870630264, 1.6212236881256104, -0.31416428089141846]","[1, 2, 3, 5, 6, 4]",0.0021930765385916253,70
若松_20250620_12,9.8,"[4.197990894317627, 2.91019606590271, -0.29767143726348877, 3.1958179473876953, 0.06508906185626984, 1.0854765176773071]","[1, 3, 6, 2, 4, 5]",0.04252979834884672,6
若松_20250620_2,19.3,"[-1.27792227268219, 0.9730302691459656, 0.27776849269866943, 0.6517443060874939, -0.755809485912323, 0.29323631525039673]","[5, 1, 4, 3, 6, 2]",0.009550108449287598,21
若松_20250620_3,172.8,"[1.7248237133026123, 4.842156887054443, -0.987959623336792, -0.975821852684021, 0.07228084653615952, 1.908461093902588]","[3, 1, 6, 5, 4, 2]",0.09568300154542321,1
若松_20250620_4,22.0,"[4.403834342956543, 1.3701157569885254, -0.9162585139274597, -0.5140129327774048, 3.0519626140594482, -0.8875259160995483]","[1, 5, 4, 3, 2, 6]",0.0051453053418806325,34
若松_20250620_5,3.8,"[3.4000329971313477, 1.5981625318527222, -0.6794319152832031, 0.8251095414161682, -0.927452564239502, -1.0009533166885376]","[1, 2, 4, 3, 5, 6]",0.06026471322543121,1
若松_20250620_6,164.4,"[-1.4443622827529907, -0.3546620011329651, -0.19746112823486328, -0.2522544860839844, -0.9650368094444275, 1.418206810951233]","[5, 1, 4, 3, 6, 2]",0.004963709893859619,53
若松_20250620_7,116.7,"[1.0388398170471191, 1.4330741167068481, 0.923332691192627, 0.5803470015525818, -0.125038743019104, 0.7735207676887512]","[4, 3, 6, 1, 5, 2]",0.0010147825572940688,300
若松_20250620_8,41.5,"[2.4967727661132812, 3.506255626678467, -0.841618001461029, -1.6217964887619019, -0.42771995067596436, 1.375588297843933]","[1, 2, 6, 5, 4, 3]",0.02502071615352337,11
若松_20250620_9,135.0,"[2.0052008628845215, -0.5712929964065552, -0.21234481036663055, -0.1943010687828064, 0.0010342046152800322, -0.02057933248579502]","[2, 5, 4, 1, 6, 3]",0.0017537041899716595,183
若松_20250621_1,47.8,"[4.465663433074951, -0.6536564230918884, 2.6381912231445312, -0.3695470094680786, -0.25549080967903137, -0.24543343484401703]","[1, 6, 2, 3, 4, 5]",0.03914041383010088,6
若松_20250621_10,57.3,"[1.326843023300171, 0.7387638688087463, 0.1620301753282547, 3.2144525051116943, 1.1014354228973389, 0.6002106070518494]","[4, 6, 5, 1, 2, 3]",0.006799197727061783,38
若松_20250621_11,37.8,"[3.6817243099212646, 4.1455302238464355, 1.947160005569458, 1.0347970724105835, 0.8911119103431702, 0.491902232170105]","[1, 2, 4, 6, 5, 3]",0.008704702188968655,32
若松_20250621_12,25.2,"[3.7531726360321045, 0.7138313055038452, 1.6181364059448242, 0.44274044036865234, 0.767964780330658, -0.596530556678772]","[1, 4, 5, 2, 6, 3]",0.0009434963377155932,154
若松_20250621_2,623.1,"[2.093475580215454, 0.4496224820613861, 0.046689070761203766, -0.6250113844871521, 1.6296988725662231, 0.9471004605293274]","[3, 1, 4, 6, 5, 2]",0.0009548512105222619,193
若松_20250621_3,49.0,"[1.875424861907959, 2.375900983810425, 2.4945356845855713, 0.2080875039100647, 0.5432078838348389, 0.6453714370727539]","[3, 1, 2, 4, 6, 5]",0.012358142489168706,15
若松_20250621_4,60.3,"[-0.6829052567481995, 2.1708755493164062, 2.7224419116973877, 1.1046230792999268, -0.5829046368598938, -0.27585354447364807]","[6, 3, 2, 1, 4, 5]",0.009402037494459947,31
若松_20250621_5,21.5,"[4.213935852050781, 3.3535361289978027, 1.2922756671905518, 0.5594717860221863, -0.3453250527381897, 2.1535112857818604]","[1, 2, 4, 6, 5, 3]",0.040529118475724234,6
若松_20250621_6,30.2,"[-0.6006060242652893, 0.8111304640769958, 2.9951350688934326, 1.5828406810760498, 1.1074694395065308, -0.23285123705863953]","[5, 6, 3, 1, 2, 4]",0.0006448950792255069,187
若松_20250621_7,31.6,"[2.8052978515625, 1.969742774963379, 1.6780298948287964, 2.967458724975586, 1.8104116916656494, -0.443782776594162]","[2, 6, 3, 1, 4, 5]",0.0016274195850969444,113
若松_20250621_8,6.4,"[4.536590099334717, 3.1142666339874268, 1.9745686054229736, 1.01591157913208, -0.5113588571548462, -0.08956384658813477]","[1, 2, 3, 5, 4, 6]",0.032103676127387744,9
若松_20250621_9,20.7,"[2.748051643371582, -0.5564085841178894, -0.27814218401908875, -0.12412410229444504, 2.891400098800659, -0.14530441164970398]","[2, 6, 3, 5, 1, 4]",0.022781839755162996,8
若松_20250622_1,10.1,"[1.8726392984390259, -0.5923203229904175, -1.9993733167648315, -1.4918630123138428, -1.637948989868164, -1.8036916255950928]","[1, 2, 3, 5, 6, 4]",0.010350938154887525,31
若松_20250622_10,3.5,"[3.6535682678222656, -1.1594914197921753, 0.6520923972129822, 0.24345001578330994, 0.4444785714149475, -1.5650825500488281]","[1, 5, 2, 4, 3, 6]",0.06325584729876955,1
若松_20250622_11,56.8,"[2.7400689125061035, 1.1057839393615723, -1.3359260559082031, 0.6017720699310303, -1.5513020753860474, -0.8054128885269165]","[2, 3, 5, 1, 6, 4]",0.014077138785654097,20
若松_20250622_12,9.2,"[1.7035025358200073, -1.559116244316101, -0.11117690056562424, -2.541090250015259, -0.5662245154380798, -1.9829227924346924]","[1, 4, 3, 6, 2, 5]",0.04745025116108488,2
若松_20250622_2,108.8,"[-0.2446550726890564, 0.703441858291626, -0.7877534627914429, 1.3659604787826538, 0.7323923110961914, -0.8975053429603577]","[2, 1, 6, 4, 3, 5]",0.002514057831044248,116
若松_20250622_3,89.1,"[2.1528050899505615, -0.6417003870010376, 1.6615350246429443, 0.03142699599266052, -0.788569986820221, 0.31563490629196167]","[2, 6, 1, 4, 5, 3]",0.021085328654455088,7
若松_20250622_4,179.4,"[1.1076751947402954, 1.2793877124786377, -0.7466358542442322, 0.863142728805542, 3.1643714904785156, -0.5540780425071716]","[3, 2, 4, 6, 1, 5]",0.0031923820718434965,69
若松_20250622_5,84.9,"[3.6866848468780518, 1.0700786113739014, -0.5103880167007446, -0.25348329544067383, 0.3851030766963959, 0.5891081094741821]","[1, 4, 6, 5, 2, 3]",0.018505244582710165,13
若松_20250622_6,50.7,"[1.4788874387741089, 0.9055560827255249, 1.3785792589187622, 0.07038705050945282, -0.963321328163147, -1.19022798538208]","[4, 2, 3, 1, 5, 6]",0.0038664204949532856,67
若松_20250622_7,17.7,"[3.46929669380188, 1.3504555225372314, 0.46792998909950256, -0.11470551788806915, -0.16231609880924225, -0.8086875677108765]","[1, 2, 3, 6, 4, 5]",0.02228581070647939,8
若松_20250622_8,5.0,"[1.936949610710144, 1.130006194114685, 0.17244099080562592, -1.6938694715499878, -0.45856475830078125, -1.5425623655319214]","[1, 3, 2, 6, 4, 5]",0.031366293533871804,6
若松_20250622_9,6.8,"[2.5208542346954346, 1.3113691806793213, -1.447972059249878, -0.7416329383850098, 2.6259169578552246, 0.025370316579937935]","[1, 3, 5, 6, 2, 4]",0.037395119417746946,6
若松_20250624_1,158.3,"[0.19337835907936096, 1.4198132753372192, 2.3448474407196045, -0.8628672957420349, 0.1406993567943573, -1.269831657409668]","[2, 4, 1, 3, 6, 5]",0.001022597725968068,143
若松_20250624_10,123.0,"[2.495528221130371, 0.39090025424957275, -1.7092969417572021, -0.40050971508026123, 0.3530815839767456, -1.0201687812805176]","[1, 4, 5, 6, 2, 3]",0.0046756234398899815,53
若松_20250624_11,8.5,"[3.2190887928009033, 1.9715946912765503, 1.1222487688064575, -0.7068511843681335, 0.38194310665130615, 0.8839044570922852]","[1, 2, 5, 3, 4, 6]",0.0024142572125245873,87
若松_20250624_12,29.5,"[2.9525575637817383, 2.085599899291992, 1.1995010375976562, -0.20786206424236298, 2.285168170928955, 0.8357658386230469]","[1, 6, 2, 4, 5, 3]",0.0001578712373766476,370
若松_20250624_2,22.7,"[4.20283317565918, 0.07861775904893875, -0.6545956134796143, 0.28931158781051636, -0.9898556470870972, -0.9093112349510193]","[1, 2, 3, 4, 6, 5]",0.017966326063783813,15
若松_20250624_3,33.8,"[1.7072620391845703, -0.317335844039917, 0.4379761815071106, -0.11325956135988235, 0.23213207721710205, 1.985167145729065]","[1, 4, 6, 3, 5, 2]",0.003700779899820998,86
若松_20250624_4,92.9,"[3.327909469604492, -0.7655470967292786, 1.6183509826660156, 0.03608071058988571, 1.680971384048462, 0.182845801115036]","[4, 5, 1, 6, 2, 3]",0.00021204969564774027,233
若松_20250624_5,12.2,"[2.8690176010131836, -0.1693343222141266, 2.0618321895599365, 0.1052803099155426, 0.7018018960952759, -0.7713990807533264]","[1, 4, 2, 3, 5, 6]",0.01949040186524399,11
若松_20250624_6,11.7,"[2.407757520675659, 1.0172865390777588, 0.46124088764190674, -1.026321530342102, 0.0711333379149437, 0.5227776765823364]","[1, 5, 2, 6, 4, 3]",0.008239712757391908,32
若松_20250624_7,296.1,"[0.32587042450904846, 0.7871178388595581, 0.6952400207519531, -0.8531535863876343, -1.0961973667144775, 1.368922472000122]","[5, 6, 1, 3, 4, 2]",0.00029991581099884115,362
若松_20250624_8,13.8,"[0.4351697862148285, 1.8916772603988647, -1.3740170001983643, -2.1475203037261963, -1.6560183763504028, -1.3517982959747314]","[2, 1, 3, 5, 4, 6]",0.01558702430927767,14
若松_20250624_9,11.4,"[2.6161789894104004, -0.4980584681034088, -0.16786830127239227, -1.2561460733413696, -1.1856087446212769, -0.8261144757270813]","[1, 2, 5, 4, 6, 3]",0.007056809026981182,45
若松_20250628_1,13.9,"[1.6966201066970825, 1.049951195716858, -0.26997724175453186, 0.916399359703064, 0.8340408802032471, -0.36889106035232544]","[1, 3, 5, 4, 2, 6]",0.013158596810819156,5
若松_20250628_10,846.4,"[-1.0565298795700073, 0.5291286110877991, 2.1627750396728516, 1.0611246824264526, 0.15179656445980072, -0.9048240780830383]","[5, 1, 3, 2, 4, 6]",0.005498457812829365,51
若松_20250628_11,111.7,"[3.2042722702026367, 2.5411758422851562, -1.1326178312301636, 0.3873368203639984, 1.762211561203003, -0.03119930624961853]","[1, 3, 6, 5, 4, 2]",0.00957618559406551,26
若松_20250628_12,11.7,"[2.8820130825042725, 2.6762380599975586, 1.9190349578857422, -1.3206007480621338, 0.15763400495052338, -0.3386070132255554]","[1, 4, 2, 6, 3, 5]",0.005989667688741336,36
若松_20250628_2,45.1,"[2.9533610343933105, 1.1758544445037842, 0.9710118174552917, -0.49802348017692566, -0.08070674538612366, 1.13844633102417]","[2, 3, 4, 5, 6, 1]",0.00833384162693363,31
若松_20250628_3,120.2,"[0.4163087010383606, -0.4886053502559662, 1.02411949634552, 4.146102428436279, 1.3638144731521606, 1.436347246170044]","[4, 6, 3, 1, 2, 5]",0.015870254898310673,14
若松_20250628_4,35.3,"[4.460115909576416, -0.6447645425796509, 1.0268205404281616, 0.963494598865509, 0.2158958613872528, -0.10759785026311874]","[1, 5, 3, 2, 6, 4]",0.015217266957728213,20
若松_20250628_5,50.0,"[3.072981595993042, 1.1276741027832031, 1.313300371170044, 0.5371436476707458, 0.44686856865882874, -0.20677602291107178]","[2, 3, 5, 1, 6, 4]",0.0011670453055296528,180
若松_20250628_6,241.7,"[1.458339810371399, 0.9509696960449219, 1.430611491203308, -0.8191439509391785, 0.3892841041088104, 0.9995710253715515]","[3, 5, 1, 6, 4, 2]",0.008584642791963167,25
若松_20250628_7,6.7,"[3.36283540725708, 1.6440006494522095, 0.6560956835746765, 0.8174911141395569, -0.30245712399482727, -0.0802932009100914]","[1, 2, 4, 5, 6, 3]",0.01577379040142738,14
若松_20250628_8,5.9,"[4.395177364349365, 3.2033214569091797, -0.49577778577804565, 0.3599163889884949, 1.584769606590271, -0.48892855644226074]","[1, 2, 5, 3, 4, 6]",0.04155531772608497,6
若松_20250628_9,8.0,"[2.774031400680542, 0.9473329782485962, 0.23324443399906158, -0.814292848110199, -0.26089006662368774, -0.6402029991149902]","[1, 2, 3, 6, 5, 4]",0.027704127481973626,3
若松_20250629_1,46.9,"[2.965829372406006, -1.0626312494277954, 0.9895972609519958, 1.073745608329773, 1.1919580698013306, -0.8971198797225952]","[4, 5, 1, 3, 2, 6]",0.0006463852342070651,147
若松_20250629_10,27.4,"[3.7383625507354736, 2.8874549865722656, 0.3031923770904541, 0.6605249047279358, -0.553809404373169, -0.6420328617095947]","[2, 3, 6, 1, 4, 5]",0.0011667576393260249,95
若松_20250629_11,39.2,"[2.1462669372558594, 2.762871265411377, 0.9699049592018127, 0.1560288518667221, 0.40248245000839233, 1.0102641582489014]","[1, 2, 4, 5, 6, 3]",0.01301797968186096,13
若松_20250629_12,13.6,"[3.5240044593811035, -1.0105363130569458, -1.0903208255767822, -0.5204992890357971, 0.767127275466919, -0.8841598629951477]","[1, 4, 5, 3, 2, 6]",0.02556890405123669,8
若松_20250629_2,12.8,"[4.343510627746582, 1.6269540786743164, 0.8060711026191711, -0.9458463788032532, -0.47357413172721863, -0.6848300695419312]","[1, 3, 2, 4, 5, 6]",0.024785818565075505,13
若松_20250629_3,13.1,"[1.639622449874878, -1.0443215370178223, -1.0849266052246094, 0.43724581599235535, -0.3768158257007599, 1.7119624614715576]","[1, 4, 6, 3, 5, 2]",0.022474907727551067,6
若松_20250629_4,24.8,"[4.2782721519470215, 0.5212321281433105, 0.8190205693244934, -1.0817831754684448, -0.6210627555847168, 1.8282173871994019]","[1, 5, 2, 6, 4, 3]",0.022028792261780544,13
若松_20250629_5,5.8,"[3.2252118587493896, 1.461918830871582, 0.3516998589038849, 0.9805221557617188, -0.07205552607774734, -0.1911555826663971]","[1, 2, 4, 3, 5, 6]",0.03270361046304931,1
若松_20250629_6,8.2,"[0.04675690084695816, 1.5234901905059814, -1.062904953956604, 0.9720209240913391, 3.0933260917663574, -0.6064174175262451]","[3, 6, 4, 1, 2, 5]",7.024479626197964e-05,314
若松_20250629_7,23.0,"[3.8330273628234863, -0.5891161561012268, 0.8452219367027283, 0.9388134479522705, 4.195807456970215, 0.289669930934906]","[1, 4, 3, 5, 2, 6]",0.009886739528102954,22
若松_20250629_8,5.4,"[3.1481075286865234, 3.312160015106201, 1.9558756351470947, -0.24714136123657227, -0.30726101994514465, -0.5828023552894592]","[1, 2, 3, 5, 6, 4]",0.031260810103524814,11
若松_20250629_9,30.8,"[1.396358609199524, 0.943644642829895, -1.053975224494934, 1.4909464120864868, -0.40002790093421936, 1.2515755891799927]","[2, 4, 5, 3, 6, 1]",0.010186597251034856,29
若松_20250630_1,49.4,"[3.112182378768921, 1.0153415203094482, -1.0915719270706177, -0.9926345348358154, 0.5195565223693848, -0.3209669888019562]","[2, 1, 4, 6, 5, 3]",0.0022964157217202647,81
若松_20250630_10,9.3,"[3.7599716186523438, -0.9735400080680847, 0.9219955801963806, 0.6074434518814087, 0.5101708769798279, 0.8736020922660828]","[2, 6, 1, 3, 5, 4]",0.0054573963878796605,38
若松_20250630_11,11.6,"[3.1259069442749023, 0.7633131146430969, 2.043203115463257, 0.012200647965073586, -0.6142354607582092, -0.9390866160392761]","[1, 3, 2, 4, 5, 6]",0.06825089701549768,1
若松_20250630_12,14.1,"[2.768951892852783, 0.33380231261253357, 0.13201512396335602, 2.276262044906616, 0.805049479007721, -0.6435431241989136]","[1, 5, 3, 2, 4, 6]",0.02804294462160715,5
若松_20250630_2,201.7,"[-0.8863409757614136, 0.9805543422698975, -1.0842347145080566, 0.4928697347640991, 0.5434154868125916, 0.5484544634819031]","[4, 5, 6, 1, 3, 2]",0.0017398218656886348,143
若松_20250630_3,100.5,"[1.660923957824707, 1.6510428190231323, 0.9649428129196167, -0.740868091583252, -0.38788530230522156, 1.8303643465042114]","[1, 4, 2, 5, 6, 3]",0.007399803608254945,45
若松_20250630_4,11.9,"[4.244964599609375, 2.722330093383789, 1.5436190366744995, -1.0132695436477661, 0.5276551842689514, 0.27247554063796997]","[1, 2, 3, 4, 5, 6]",0.017296767353367493,15
若松_20250630_5,13.8,"[2.576798677444458, 1.7093307971954346, -1.0761605501174927, 1.021716833114624, 1.6629102230072021, -0.6608119606971741]","[2, 3, 5, 1, 4, 6]",0.008654172954850771,31
若松_20250630_6,20.4,"[3.5445330142974854, 1.5317882299423218, 0.8076151609420776, 0.45062056183815, 0.4344128370285034, -0.5232648849487305]","[1, 4, 3, 2, 5, 6]",0.013993799951765083,17
若松_20250630_7,15.3,"[3.757283926010132, 0.5602164268493652, 1.1826642751693726, -0.9721503853797913, 0.5841560363769531, -0.9657757878303528]","[1, 4, 3, 5, 2, 6]",0.0395889702353674,6
若松_20250630_8,6.8,"[4.003952503204346, 1.3654365539550781, 2.106175661087036, -0.9903537631034851, -0.5458956956863403, -0.872563362121582]","[1, 3, 2, 5, 6, 4]",0.043160557514655674,6
若松_20250630_9,28.4,"[-0.9177521467208862, 0.4132542014122009, -1.0543835163116455, 2.7201356887817383, 1.1283262968063354, -0.730421245098114]","[6, 5, 4, 1, 2, 3]",0.008206042028041064,33
若松_20250701_1,35.1,"[-1.0080069303512573, 0.35316815972328186, -1.1244831085205078, 2.928083896636963, 1.05609929561615, -0.8250392079353333]","[6, 3, 5, 2, 1, 4]",0.010706293450375892,24
若松_20250701_10,12.3,"[2.943594455718994, 2.159498691558838, 0.39908072352409363, -0.4371701180934906, -0.5428677797317505, -0.8523138761520386]","[1, 3, 2, 6, 4, 5]",0.009131238602514226,33
若松_20250701_11,16.2,"[3.0983853340148926, 1.2217364311218262, -0.25024333596229553, 0.8898758888244629, 0.9686126708984375, -0.19419075548648834]","[4, 3, 5, 1, 2, 6]",0.00037830907004856234,276
若松_20250701_12,96.5,"[1.9644354581832886, 0.42527225613594055, 0.8517972230911255, -0.7237723469734192, 2.940450668334961, -0.9894132018089294]","[6, 3, 1, 5, 2, 4]",2.4135039453132983e-05,402
若松_20250701_2,276.4,"[2.436184883117676, 0.7917589545249939, 0.9072607755661011, -1.0580726861953735, -0.3134598135948181, -0.0654488056898117]","[1, 6, 3, 5, 4, 2]",0.0011456530763737601,153
若松_20250701_3,49.5,"[0.6658309102058411, 1.3700430393218994, 2.1582326889038086, 0.3145080804824829, 0.05621787905693054, -0.9220582842826843]","[4, 3, 1, 2, 5, 6]",0.017489454430361727,8
若松_20250701_4,20.9,"[2.6680972576141357, -0.5982924699783325, 1.3514422178268433, 0.16961458325386047, 1.41959810256958, -0.04681989550590515]","[2, 5, 1, 3, 6, 4]",0.0003600570101561934,262
若松_20250701_5,16.3,"[3.363471508026123, 1.4309425354003906, -0.6873288750648499, -1.0749397277832031, 0.8655145168304443, -1.0145400762557983]","[1, 2, 3, 5, 4, 6]",0.02228943039231266,13
若松_20250701_6,22.2,"[4.26271390914917, 0.17230114340782166, 1.5167405605316162, -1.0053082704544067, 1.3327616453170776, -0.6813868284225464]","[1, 6, 2, 4, 3, 5]",0.013127763719016312,20
若松_20250701_7,17.3,"[4.163478851318359, 1.5270426273345947, -0.09612967073917389, 0.02579771913588047, 0.08521237969398499, -0.8634499311447144]","[1, 3, 2, 5, 4, 6]",0.019672441436872922,13
若松_20250701_8,43.1,"[3.2541983127593994, 0.3550094962120056, 0.8351055383682251, -1.0913251638412476, -0.5900394916534424, -0.9699604511260986]","[3, 1, 2, 4, 6, 5]",0.0003697544256096569,190
若松_20250701_9,21.1,"[2.7533154487609863, -0.901707649230957, 0.49540621042251587, 0.29146334528923035, 1.2363463640213013, -0.07347182929515839]","[2, 6, 3, 5, 1, 4]",0.011681060357222169,20
若松_20250702_1,53.2,"[-0.651634693145752, 3.399071455001831, -0.7934173941612244, 1.0312705039978027, 1.2517417669296265, 0.3118050992488861]","[4, 1, 5, 2, 3, 6]",0.008364103032530842,30
若松_20250702_10,56.2,"[4.149817943572998, 0.628024697303772, 1.0117624998092651, -0.1867082715034485, 1.825758934020996, 0.45003756880760193]","[1, 5, 3, 6, 2, 4]",0.038692123153392315,2
若松_20250702_11,19.4,"[3.1028497219085693, 0.5761974453926086, 1.035810112953186, 0.26088017225265503, 0.4581909477710724, 0.007276617456227541]","[1, 6, 3, 2, 4, 5]",0.005685269543315139,57
若松_20250702_12,9.3,"[3.6682047843933105, -0.580320417881012, 1.9284253120422363, 1.498895287513733, 0.37911370396614075, -0.5126346945762634]","[1, 6, 2, 4, 3, 5]",0.030672225210094054,7
若松_20250702_2,87.8,"[0.7240913510322571, 0.997471809387207, 0.2209591120481491, -0.5452887415885925, 3.7020370960235596, -0.8695390224456787]","[2, 3, 5, 4, 1, 6]",0.026460542000248367,10
若松_20250702_3,196.4,"[3.0742812156677246, 1.411290168762207, -0.09082257002592087, -0.9853498339653015, 0.174388587474823, -0.36045944690704346]","[2, 3, 6, 5, 4, 1]",0.0016083635379179153,115
若松_20250702_4,33.9,"[3.922569990158081, 0.7409306764602661, 1.3297464847564697, 0.9759038686752319, 1.0677337646484375, -0.2276371568441391]","[1, 3, 5, 4, 2, 6]",0.01304719984332966,21
若松_20250702_5,230.4,"[2.8105595111846924, 0.8145121335983276, 0.4052785336971283, 0.9773567318916321, 1.0860956907272339, -0.9736215472221375]","[2, 3, 1, 4, 6, 5]",0.0005205600990172916,249
若松_20250702_6,52.1,"[4.1740617752075195, 2.272566080093384, -0.5935389995574951, 1.0812782049179077, 1.537779688835144, 1.5210767984390259]","[2, 4, 5, 3, 6, 1]",0.00046817748276022325,174
若松_20250702_7,105.1,"[3.4387054443359375, -0.9281334280967712, 0.8418703079223633, 0.770389199256897, 0.8731595277786255, -0.9052836298942566]","[1, 6, 2, 4, 3, 5]",0.040036019661757835,2
若松_20250702_8,383.9,"[1.1927235126495361, 0.6741584539413452, -0.7452171444892883, 2.9705872535705566, -0.5635080337524414, 0.927387535572052]","[5, 3, 4, 1, 6, 2]",0.00572241236898377,45
若松_20250702_9,10.8,"[4.155384063720703, 2.805108070373535, 0.43039825558662415, -0.38197338581085205, -0.48317691683769226, 0.06648997962474823]","[1, 2, 4, 5, 6, 3]",0.047723340006501296,3
若松_20250703_1,255.8,"[2.957919120788574, -0.9039421081542969, -0.6097776889801025, 0.00965697132050991, 1.819767951965332, -0.8673428893089294]","[2, 6, 4, 3, 1, 5]",0.016955721698105726,16
若松_20250703_10,19.5,"[3.022378444671631, 3.2470524311065674, 1.0045443773269653, -0.08614770323038101, 0.4105636179447174, -0.5993115305900574]","[1, 2, 3, 4, 6, 5]",0.012754047122775529,22
若松_20250703_11,15.9,"[2.112530469894409, 1.1759259700775146, 1.050491213798523, 0.3746577799320221, 0.6623950600624084, -0.8031316995620728]","[1, 3, 6, 4, 2, 5]",0.001484329605644856,146
若松_20250703_12,228.0,"[2.888784170150757, 2.822721481323242, 1.9024126529693604, 2.598745584487915, 0.51987624168396, -0.10399021953344345]","[6, 2, 3, 1, 5, 4]",8.23053890162616e-05,364
若松_20250703_2,37.2,"[1.0343581438064575, 0.6875883936882019, 0.8008715510368347, 3.3160793781280518, -0.377976655960083, -0.05230238661170006]","[2, 6, 3, 1, 4, 5]",0.005745843453222882,47
若松_20250703_3,19.1,"[3.1773440837860107, 2.0560801029205322, -0.12635119259357452, -1.0148484706878662, 0.033229634165763855, -0.06616045534610748]","[1, 2, 3, 5, 4, 6]",0.01647194779073196,14
若松_20250703_4,96.7,"[1.7420244216918945, -0.48192298412323, 1.1898913383483887, 0.6957449913024902, 0.7252001762390137, 0.8832789063453674]","[3, 6, 2, 5, 4, 1]",0.006672522308046552,33
若松_20250703_5,52.4,"[3.3023691177368164, 0.8157894611358643, -0.9531430006027222, 0.8141571283340454, -0.021082879975438118, -0.7486367225646973]","[1, 3, 6, 4, 2, 5]",0.020955212815739456,13
若松_20250703_6,34.0,"[3.7714622020721436, 1.012244701385498, 0.3942069709300995, -0.989830732345581, 0.11722021549940109, 1.9012980461120605]","[1, 5, 4, 6, 2, 3]",0.011823531819678754,23
若松_20250703_7,7.0,"[2.5875279903411865, 1.1911717653274536, 0.49348995089530945, -1.0241895914077759, -0.4869956970214844, 0.7895442247390747]","[1, 6, 2, 5, 4, 3]",0.0006061898519910967,198
若松_20250703_8,7.4,"[2.810559034347534, 0.4236904978752136, 0.37167873978614807, -0.9990898966789246, 0.8742026090621948, -0.8962037563323975]","[1, 5, 2, 6, 3, 4]",0.012523415601346411,18
若松_20250703_9,29.4,"[3.778189182281494, -0.9435256719589233, 0.8184767961502075, 0.5326873660087585, -0.10738008469343185, -0.896635115146637]","[1, 6, 2, 4, 3, 5]",0.03263093137993003,5
若松_20250707_1,50.6,"[4.017702102661133, 2.122325897216797, 1.1027698516845703, 0.6269434690475464, -0.11307033896446228, 0.05448581278324127]","[1, 3, 6, 5, 4, 2]",0.0019126281671701165,95
若松_20250707_10,13.2,"[2.6568057537078857, 2.097485303878784, 2.4511067867279053, 0.0849541574716568, -0.0987049862742424, 0.8636162281036377]","[2, 1, 3, 5, 6, 4]",0.021567286522946795,7
若松_20250707_11,47.8,"[3.285313606262207, 0.3635976314544678, 0.37165331840515137, 2.0049707889556885, 0.09630963206291199, 2.0461266040802]","[4, 6, 1, 2, 5, 3]",0.00043766294039806125,226
若松_20250707_12,154.6,"[3.383181571960449, 2.348421573638916, 2.0077407360076904, -0.1072988361120224, 2.7072694301605225, 0.6145253777503967]","[3, 1, 5, 6, 2, 4]",0.005302537567239184,50
若松_20250707_2,93.3,"[1.3803155422210693, -0.8861469626426697, -0.6774631142616272, 0.6294978857040405, 1.0150574445724487, -0.9185502529144287]","[5, 4, 3, 2, 1, 6]",0.0005456880010770467,239
若松_20250707_3,32.7,"[0.5438628792762756, 2.2558164596557617, 1.4809812307357788, 1.0994945764541626, 0.35600483417510986, 0.19305722415447235]","[4, 2, 1, 6, 5, 3]",0.0017304760533589675,175
若松_20250707_4,18.8,"[2.649981737136841, 0.034381501376628876, 1.5579701662063599, 0.7559312582015991, 0.2616327702999115, 0.6775289177894592]","[1, 4, 2, 3, 5, 6]",0.007510157808301229,31
若松_20250707_5,22.9,"[4.1421051025390625, -0.3640328347682953, -0.25850823521614075, 0.1785118281841278, -0.38265305757522583, -0.5370365977287292]","[1, 3, 2, 4, 5, 6]",0.01064737142906724,26
若松_20250707_6,204.5,"[-0.545042872428894, 2.115586280822754, 0.9200597405433655, 1.366544485092163, -0.24114730954170227, 0.44049519300460815]","[5, 2, 6, 1, 4, 3]",0.0014631078042223933,160
若松_20250707_7,6.2,"[4.103054523468018, 1.3841068744659424, 0.8261048197746277, 0.6134302020072937, 0.45241108536720276, -0.07054463773965836]","[1, 2, 6, 4, 5, 3]",0.005923250580631768,55
若松_20250707_8,8.0,"[4.307138442993164, 3.3613922595977783, 1.1864824295043945, 0.9173387289047241, 1.0442421436309814, -0.12532274425029755]","[1, 2, 5, 3, 4, 6]",0.04177987127107751,6
若松_20250707_9,48.8,"[4.247206687927246, 1.2023259401321411, -0.4146066904067993, 1.5517069101333618, 0.8287030458450317, 0.9597468376159668]","[1, 4, 6, 5, 2, 3]",0.010893640182100218,25
若松_20250708_1,734.8,"[2.085463762283325, 1.5912144184112549, 1.1514477729797363, 1.1302119493484497, 0.1178225427865982, 0.27621030807495117]","[4, 5, 1, 6, 3, 2]",0.00020948859050922254,502
若松_20250708_10,16.1,"[3.28935170173645, -0.675956666469574, 1.0187913179397583, 1.3602240085601807, 0.39334383606910706, -0.9816558361053467]","[1, 6, 2, 3, 4, 5]",0.0379406910305595,5
若松_20250708_11,10.7,"[3.4190855026245117, 0.0888189747929573, -0.3387918174266815, 4.661100387573242, 0.5992639660835266, 1.185213565826416]","[4, 5, 6, 1, 3, 2]",0.0019653867535579066,65
若松_20250708_12,8.9,"[3.2636234760284424, 2.310422658920288, 0.9918295741081238, 1.2933634519577026, 2.1594271659851074, 0.06709619611501694]","[1, 3, 2, 6, 4, 5]",0.0032524577219676895,80
若松_20250708_2,24.7,"[4.634066104888916, 1.008786916732788, 0.5997520685195923, 0.2846800982952118, -0.3347688913345337, 0.798482358455658]","[1, 5, 3, 2, 4, 6]",0.00234262722843349,104
若松_20250708_3,8.5,"[2.394223213195801, 0.587857186794281, 0.8836380839347839, 0.4812971353530884, -4.16015100479126, 1.830083966255188]","[1, 4, 3, 5, 6, 2]",0.0526374856190145,1
若松_20250708_4,34.0,"[3.3989646434783936, 0.7916927337646484, 1.1842080354690552, -0.40134182572364807, 1.6681959629058838, 4.805431842803955]","[4, 6, 3, 5, 2, 1]",0.0018409529089615472,73
若松_20250708_5,18.8,"[4.553157806396484, 2.017151355743408, 2.4652841091156006, -0.2954297363758087, 0.1743529587984085, 1.254419207572937]","[1, 3, 2, 4, 5, 6]",0.007595571652638886,30
若松_20250708_6,324.5,"[2.6586084365844727, 2.759394645690918, 0.5007542967796326, 1.674730896949768, 0.2945030629634857, 1.0813878774642944]","[3, 2, 6, 4, 5, 1]",0.005324464055940794,53
若松_20250708_7,26.2,"[2.8222696781158447, 1.1045441627502441, 1.932810664176941, -0.38207411766052246, 1.0178276300430298, 1.5617233514785767]","[4, 5, 1, 6, 2, 3]",0.002457433252417705,96
若松_20250708_8,5.9,"[3.250577688217163, 2.579277992248535, 1.521703839302063, -0.6624918580055237, 1.427566647529602, -0.4333224892616272]","[1, 3, 2, 6, 4, 5]",0.03243951831259047,7
若松_20250708_9,9.4,"[1.9364182949066162, -0.1926044523715973, -4.4678449630737305, -0.20442502200603485, -0.20042496919631958, 0.587887704372406]","[2, 3, 6, 4, 5, 1]",0.019334792175916205,15
若松_20250709_1,36.3,"[2.8386173248291016, 2.2748451232910156, 0.6988738179206848, 0.615260899066925, 0.7498916983604431, 0.10720715671777725]","[2, 3, 1, 5, 6, 4]",0.002133803143067015,121
若松_20250709_10,69.7,"[3.28671932220459, 1.0806976556777954, 1.8535237312316895, 1.2345325946807861, 1.0886667966842651, 1.833511233329773]","[4, 6, 1, 2, 3, 5]",0.0004099291945834563,373
若松_20250709_11,105.6,"[3.31912899017334, 2.7179205417633057, 1.5771969556808472, 0.5376915335655212, 2.34252667427063, -0.22495853900909424]","[5, 3, 1, 4, 2, 6]",0.0002757936374513176,244
若松_20250709_12,6.0,"[4.326776504516602, 1.6981168985366821, 2.144078493118286, 1.041023850440979, 2.2561893463134766, 0.8494084477424622]","[1, 5, 2, 4, 3, 6]",0.01901071208664189,10
若松_20250709_2,10.8,"[3.489941120147705, -0.5192908644676208, 1.604164958000183, -0.8608827590942383, -0.2114744782447815, 0.1567537635564804]","[2, 4, 1, 6, 5, 3]",0.009335176543538872,32
若松_20250709_3,88.5,"[2.08249568939209, 0.27170729637145996, 1.1135526895523071, 2.2559547424316406, -0.3670642375946045, -0.26338404417037964]","[5, 2, 4, 1, 6, 3]",0.0005653541762147636,219
若松_20250709_4,5.8,"[3.05753231048584, 4.070985317230225, 0.438469797372818, 1.9452224969863892, 1.793627381324768, 0.02537689171731472]","[1, 2, 4, 3, 5, 6]",0.012187840710862163,23
若松_20250709_5,27.5,"[3.831437826156616, 1.8712540864944458, 1.8540925979614258, 1.8202311992645264, 0.533440351486206, 0.16116997599601746]","[1, 4, 2, 3, 6, 5]",0.0221432038816809,10
若松_20250709_6,73.2,"[4.048616409301758, 1.422265648841858, 0.8667985796928406, 2.372438907623291, 3.0543336868286133, 0.3284354507923126]","[1, 5, 3, 2, 6, 4]",0.00011016993524171192,301
若松_20250709_7,17.6,"[2.9940571784973145, 2.0471434593200684, 0.3451359272003174, 0.22483600676059723, 0.2336471527814865, 2.951730966567993]","[3, 2, 4, 6, 5, 1]",0.013923058957287049,16
若松_20250709_8,4.4,"[4.4899678230285645, 2.1662590503692627, 1.503082036972046, 1.9229930639266968, 0.15344363451004028, -0.02784878946840763]","[1, 3, 2, 4, 5, 6]",0.03318420440354256,7
若松_20250709_9,12.4,"[2.1342029571533203, 2.880106210708618, -0.05566239356994629, 0.37258994579315186, 1.1161152124404907, -0.438109815120697]","[1, 3, 2, 5, 6, 4]",0.00032352053119325875,252
若松_20250710_1,124.5,"[0.9223318696022034, -0.4260920584201813, -0.04254478961229324, -0.5137324333190918, 1.0852601528167725, -0.47336071729660034]","[4, 6, 3, 2, 1, 5]",0.0026050201894711723,124
若松_20250710_10,2339.0,"[3.3195831775665283, 1.3097524642944336, 2.05853271484375, 1.6737312078475952, 2.2751235961914062, 1.4630402326583862]","[4, 6, 5, 3, 2, 1]",0.0007586887165005928,334
若松_20250710_11,159.6,"[4.424965858459473, 2.0160226821899414, 0.8761895298957825, 1.432435154914856, 2.010568141937256, 0.1847129613161087]","[2, 3, 4, 5, 1, 6]",0.006976240459131607,40
若松_20250710_12,28.7,"[3.47163724899292, 2.314159870147705, 1.1656006574630737, 0.8838003873825073, 0.4098336398601532, 0.8407350778579712]","[1, 5, 2, 6, 4, 3]",0.0012504547350239944,165
若松_20250710_2,28.2,"[4.509551048278809, 1.562023401260376, 2.3381922245025635, -0.18934741616249084, 1.8825408220291138, 0.08241553604602814]","[1, 4, 3, 5, 2, 6]",0.04143874287380477,6
若松_20250710_3,184.3,"[2.3651556968688965, 1.4956830739974976, 0.20975449681282043, 0.8886858820915222, 2.0286762714385986, 0.9297829270362854]","[4, 3, 5, 2, 1, 6]",0.001716116046971975,160
若松_20250710_4,35.6,"[3.2767906188964844, 0.6637897491455078, 1.5042906999588013, 0.2035175859928131, -0.008064555935561657, 2.802143096923828]","[2, 5, 1, 4, 3, 6]",1.5487874221025397e-05,484
若松_20250710_5,39.9,"[4.6325249671936035, 1.7491014003753662, 0.2880907654762268, 1.6784542798995972, 1.7540013790130615, 0.21807537972927094]","[1, 4, 3, 2, 6, 5]",0.0017453793508526128,94
若松_20250710_6,11.1,"[2.9627559185028076, 3.5894880294799805, 1.0738000869750977, 2.4041831493377686, 0.11300717294216156, 2.20690655708313]","[2, 1, 6, 4, 5, 3]",0.01534798356468182,14
若松_20250710_7,12.8,"[2.601306200027466, 0.5920156240463257, -0.2477397620677948, 1.687173843383789, 2.489518880844116, 5.029392242431641]","[2, 6, 5, 4, 3, 1]",0.04043479583505071,5
若松_20250710_8,11.3,"[2.8978524208068848, 1.7681986093521118, 2.3908815383911133, 1.6435866355895996, 0.6571041941642761, 1.2075504064559937]","[1, 4, 2, 3, 6, 5]",0.01697994517517378,2
若松_20250710_9,13.2,"[3.232078790664673, 2.1783053874969482, 1.2882676124572754, 1.3656480312347412, 1.2435717582702637, 0.23474666476249695]","[1, 3, 5, 2, 4, 6]",0.01600099642261275,8
若松_20250711_1,11.2,"[3.6218950748443604, 1.6382129192352295, 0.7586392164230347, 1.4698214530944824, 0.07368013262748718, -0.3560582399368286]","[1, 3, 6, 2, 5, 4]",0.008139505018285139,33
若松_20250711_10,35.3,"[4.159807205200195, 3.501533031463623, 1.119092583656311, 1.243463397026062, 1.937357783317566, 1.318708062171936]","[1, 2, 4, 5, 6, 3]",0.006064252091292852,50
若松_20250711_11,4.7,"[4.2906880378723145, 2.4901978969573975, 1.2973897457122803, 1.126605749130249, 0.005487903021275997, 0.43950915336608887]","[1, 2, 3, 5, 6, 4]",0.03564695381809406,4
若松_20250711_12,19.4,"[3.216318130493164, 0.4305732250213623, 0.5465154647827148, 4.553310871124268, 1.986557960510254, 0.673434853553772]","[5, 4, 6, 1, 2, 3]",0.0004629123399473368,147
若松_20250711_2,30.5,"[2.2733218669891357, -0.37668725848197937, 1.1579673290252686, 1.3631457090377808, 0.19079624116420746, -0.0527317151427269]","[1, 4, 5, 2, 3, 6]",0.004281771794128477,65
若松_20250711_3,75.9,"[3.396909236907959, 2.79734468460083, 0.7522597908973694, 1.568469524383545, -0.1079007014632225, 0.9094982743263245]","[1, 3, 4, 2, 5, 6]",0.007275596760547175,35
若松_20250711_4,13.4,"[4.044304370880127, 2.132209539413452, 1.2766274213790894, 1.9622694253921509, 0.26588770747184753, 1.068009376525879]","[1, 2, 6, 3, 5, 4]",0.012175283263692162,18
若松_20250711_5,11.0,"[2.974447011947632, 1.7547662258148193, 1.0001500844955444, 1.6755527257919312, 1.3930144309997559, 0.7306989431381226]","[2, 3, 6, 1, 4, 5]",0.006057937103745361,35
若松_20250711_6,10.2,"[3.712348222732544, 1.9837417602539062, 1.2920924425125122, -0.3383263647556305, 1.3782914876937866, 0.29046812653541565]","[1, 3, 2, 4, 5, 6]",0.007376097517286283,35
若松_20250711_7,43.7,"[3.777461528778076, -0.1875704675912857, 0.6063481569290161, 1.5619511604309082, 0.27445730566978455, 0.83002769947052]","[3, 5, 6, 2, 4, 1]",0.0003593984535556276,231
若松_20250711_8,185.8,"[2.0111894607543945, 1.3161852359771729, 1.5351135730743408, 0.7604212760925293, 1.322264552116394, 0.17948271334171295]","[3, 5, 1, 4, 2, 6]",0.00489301778174996,45
若松_20250711_9,531.9,"[2.859515905380249, 2.8229265213012695, 0.0032812764402478933, 1.8820099830627441, 1.75956392288208, -0.14953181147575378]","[3, 6, 4, 2, 1, 5]",2.3233361482476364e-05,500
若松_20250714_1,123.2,"[2.1684348583221436, 0.22536428272724152, -0.32133859395980835, 0.7736977338790894, -1.2907737493515015, 1.5282224416732788]","[5, 4, 3, 1, 6, 2]",0.00028083783011617847,269
若松_20250714_10,20.7,"[2.94979190826416, 1.8450113534927368, 0.8090168833732605, 1.4955925941467285, 0.8422035574913025, -0.5454544425010681]","[2, 5, 1, 4, 6, 3]",0.0003934750826786999,267
若松_20250714_11,18.4,"[3.5930535793304443, -0.7204949259757996, 1.1275851726531982, 0.3150778114795685, 0.09463786333799362, 2.116769552230835]","[1, 6, 2, 5, 3, 4]",0.009085409597379019,30
若松_20250714_12,128.0,"[3.5747861862182617, 1.01740562915802, 1.881970763206482, 1.5309919118881226, 4.04177188873291, 0.18903972208499908]","[3, 5, 6, 1, 2, 4]",0.0006207376968158501,159
若松_20250714_2,11.7,"[4.518514633178711, 3.2555174827575684, -0.3146706521511078, -0.5580552816390991, 1.4122246503829956, -0.15558470785617828]","[1, 2, 6, 5, 3, 4]",0.06809401860127412,3
若松_20250714_3,17.0,"[3.290119171142578, 0.5954469442367554, 1.562628149986267, -0.5227696299552917, 2.731719970703125, -0.10511486977338791]","[1, 4, 2, 6, 3, 5]",0.029575428143810128,7
若松_20250714_4,11.7,"[1.1430532932281494, 1.9339507818222046, 1.5981751680374146, -0.7100593447685242, 1.4502681493759155, 0.6555212736129761]","[1, 3, 2, 5, 6, 4]",0.0005846056455402955,244
若松_20250714_5,6.6,"[4.901260852813721, 3.114713191986084, 2.4595823287963867, -1.436991810798645, 0.31246593594551086, -0.43069988489151]","[1, 3, 2, 4, 5, 6]",0.01638088584700166,14
若松_20250714_6,10.1,"[4.111518859863281, 1.072556734085083, 2.0770225524902344, 3.7281455993652344, -0.3626074194908142, -1.3243093490600586]","[1, 4, 3, 2, 5, 6]",0.15185472193107663,1
若松_20250714_7,96.6,"[2.6621832847595215, 3.0729494094848633, -0.28866907954216003, -1.552789330482483, 0.8090811967849731, 0.5960557460784912]","[4, 1, 3, 6, 5, 2]",0.0016494516373504562,77
若松_20250714_8,24.2,"[4.719847679138184, -0.7667407989501953, 0.36635786294937134, 0.9020693302154541, 1.7943925857543945, -0.8064836263656616]","[1, 4, 3, 5, 2, 6]",0.01766217095137792,15
若松_20250714_9,146.9,"[2.6874969005584717, 1.9886744022369385, -0.726962685585022, 0.1375551074743271, -0.227360337972641, 0.8058270812034607]","[3, 1, 4, 2, 6, 5]",0.0013273663528127558,127
若松_20250715_1,67.3,"[2.1119587421417236, 1.5418440103530884, 1.1674960851669312, 2.44832181930542, 1.7340487241744995, -0.10389681160449982]","[3, 5, 2, 1, 4, 6]",0.00854688840919331,29
若松_20250715_10,204.1,"[3.5703039169311523, 0.9820977449417114, -0.10808377712965012, 1.1713794469833374, 1.551769495010376, 2.641951084136963]","[2, 5, 4, 6, 3, 1]",0.0042571475163324215,63
若松_20250715_11,41.9,"[3.6744349002838135, 1.301230788230896, 1.0786722898483276, 2.1411402225494385, 1.0561951398849487, 0.017169451341032982]","[2, 6, 4, 1, 3, 5]",0.0026288305824527236,93
若松_20250715_12,5.1,"[2.5960171222686768, -0.7977827787399292, 0.30896496772766113, 2.3684444427490234, -0.30384060740470886, -0.030019283294677734]","[1, 6, 3, 2, 4, 5]",0.03299486254478118,4
若松_20250715_2,34.6,"[4.801146984100342, 0.46008753776550293, 1.05558443069458, -0.2230188250541687, 1.6858975887298584, 0.7151431441307068]","[1, 4, 2, 6, 3, 5]",0.02893365887602804,6
若松_20250715_3,147.6,"[2.1147778034210205, 2.6706719398498535, -0.3411121666431427, 1.3044548034667969, 0.07429396361112595, 1.5644056797027588]","[4, 1, 6, 3, 5, 2]",0.01498345958215873,14
若松_20250715_4,353.1,"[2.2312796115875244, 2.0396509170532227, 1.4740570783615112, -0.21175308525562286, 2.39379620552063, 0.5652294754981995]","[4, 5, 1, 6, 2, 3]",0.0019111288003247774,121
若松_20250715_5,7.0,"[3.1288187503814697, 4.930400848388672, 1.1641566753387451, 1.4251632690429688, -0.3200531303882599, -0.537852942943573]","[2, 1, 4, 3, 5, 6]",0.11137438071188693,1
若松_20250715_6,14.7,"[3.828007936477661, 0.4718532860279083, 1.4969664812088013, -0.16480091214179993, 0.4790252149105072, 0.5482081770896912]","[1, 3, 2, 5, 6, 4]",0.01398762042336369,16
若松_20250715_7,17.8,"[3.286212682723999, 0.9142380356788635, -0.3677375316619873, -0.3064919114112854, 1.7019301652908325, 1.3398231267929077]","[2, 5, 4, 6, 1, 3]",0.007152196644187975,36
若松_20250715_8,36.9,"[4.176257133483887, 1.0204774141311646, 1.6499515771865845, 1.4495007991790771, 3.142216205596924, 0.8511791229248047]","[1, 3, 4, 5, 2, 6]",0.021021624950417008,7
若松_20250715_9,41.3,"[3.7476933002471924, 0.5915051698684692, 0.36838507652282715, -0.07095669209957123, 1.9472987651824951, 0.05089173838496208]","[1, 6, 3, 5, 2, 4]",0.011580384063536665,23
若松_20250716_1,24.0,"[1.6524101495742798, 0.5650914311408997, 1.6354608535766602, 0.5724623799324036, 0.0745125561952591, -1.050268292427063]","[1, 4, 3, 2, 5, 6]",0.015397864116346256,9
若松_20250716_10,15.2,"[4.1328206062316895, 2.33992600440979, 1.1614274978637695, 1.350560188293457, -0.019528809934854507, 0.6193604469299316]","[1, 2, 6, 5, 4, 3]",0.004845843332744783,52
若松_20250716_11,6.1,"[3.4433248043060303, 2.31705641746521, 0.4962877929210663, 0.9969205260276794, 0.24045898020267487, -0.1522337645292282]","[1, 2, 3, 4, 5, 6]",0.0337332840890547,3
若松_20250716_12,9.0,"[3.330955743789673, 0.6803656816482544, 1.9479610919952393, 1.2352851629257202, 2.7908482551574707, 0.4696066975593567]","[1, 6, 2, 5, 3, 4]",0.011240644348127177,20
若松_20250716_2,74.9,"[1.3657828569412231, -0.38215315341949463, 0.9223321676254272, 1.7535293102264404, 0.8105409741401672, -0.5289179682731628]","[5, 4, 2, 1, 3, 6]",0.0032049939736000788,86
若松_20250716_3,60.8,"[2.126183271408081, 2.405344009399414, 0.2903783619403839, 0.14088492095470428, 0.29175084829330444, 3.570683240890503]","[3, 2, 4, 6, 5, 1]",0.03706432358446636,2
若松_20250716_4,28.0,"[3.1999289989471436, 0.9378364086151123, -0.4153204560279846, -0.1875225305557251, 1.0500195026397705, -0.9157542586326599]","[1, 3, 4, 5, 2, 6]",0.04085402958625846,3
若松_20250716_5,4.2,"[2.970303773880005, 0.5262566804885864, -0.8193198442459106, 0.20853517949581146, 0.563569188117981, -1.1457874774932861]","[1, 2, 4, 3, 6, 5]",0.00214689822228779,84
若松_20250716_6,39.8,"[2.7721028327941895, 0.16889001429080963, -0.9802083373069763, 0.16069108247756958, 0.03279666230082512, 0.847252607345581]","[4, 5, 6, 1, 2, 3]",0.0002131781618875958,317
若松_20250716_7,24.0,"[3.4506473541259766, 0.36456722021102905, 0.39555057883262634, -0.9921190738677979, 3.3803951740264893, 0.7343993782997131]","[1, 3, 5, 6, 2, 4]",0.04553461583207759,6
若松_20250716_8,34.6,"[1.4130513668060303, 1.1047084331512451, 0.9038304686546326, -0.24428221583366394, 1.268433928489685, -0.7799831628799438]","[2, 6, 1, 4, 3, 5]",0.0006518651710209689,259
若松_20250716_9,35.7,"[4.781426906585693, 1.6153910160064697, 0.9448688626289368, 0.7990005612373352, 2.6850149631500244, -0.06970059871673584]","[1, 3, 6, 5, 2, 4]",0.01677704897248723,15
若松_20250717_1,65.6,"[2.6740469932556152, 1.3101346492767334, 0.7383040189743042, 0.17859859764575958, 1.751832365989685, -1.3665872812271118]","[2, 1, 5, 3, 4, 6]",0.006675621247273696,38
若松_20250717_10,13.6,"[3.4940552711486816, 2.2483317852020264, 2.683478832244873, 1.1639952659606934, 0.8502699136734009, 0.35650742053985596]","[1, 2, 3, 6, 4, 5]",0.010994462290500575,22
若松_20250717_11,498.0,"[0.6586952209472656, 0.9737374782562256, 0.344188928604126, 1.4506996870040894, 0.2648569345474243, -0.25413498282432556]","[3, 2, 6, 1, 5, 4]",0.00431567283634377,47
若松_20250717_12,6.0,"[3.532587766647339, 2.4901301860809326, 1.4860283136367798, 1.8368585109710693, -0.013229438103735447, -0.06343661993741989]","[1, 2, 3, 4, 6, 5]",0.03707755996345309,4
若松_20250717_2,5.7,"[2.9081108570098877, 2.4245054721832275, 1.116915225982666, -0.2993732988834381, 0.37083497643470764, 0.18249692022800446]","[1, 3, 2, 6, 5, 4]",0.015758994234367777,15
若松_20250717_3,34.5,"[4.541978359222412, 1.7367305755615234, 0.48271480202674866, 0.8129051923751831, 2.185396432876587, 2.4302573204040527]","[1, 2, 4, 3, 6, 5]",0.0005612494389300587,186
若松_20250717_4,171.7,"[3.0389418601989746, 1.3273930549621582, 4.293914794921875, 0.36778977513313293, 2.468716621398926, 1.182110071182251]","[4, 2, 1, 6, 3, 5]",0.010472854414342366,27
若松_20250717_5,25.5,"[3.917790412902832, 1.6131038665771484, 0.04396608844399452, 2.1293702125549316, 1.463850736618042, -0.12256692349910736]","[3, 6, 5, 1, 2, 4]",0.00016270676367069058,268
若松_20250717_6,11.8,"[2.21305775642395, 4.851352691650391, 0.9125295281410217, 0.8949244022369385, -0.6911395192146301, -0.23174764215946198]","[3, 1, 4, 2, 5, 6]",0.025599525471098387,11
若松_20250717_7,112.5,"[2.973567247390747, 2.877873420715332, -0.2710758149623871, 0.29424917697906494, 0.6770879626274109, 1.067327618598938]","[1, 3, 5, 6, 4, 2]",0.0073844065965770825,37
若松_20250717_8,7.6,"[1.9683712720870972, 2.2090554237365723, 1.9145375490188599, -0.36904066801071167, 0.14717870950698853, 0.16223739087581635]","[1, 2, 3, 4, 5, 6]",0.010362885976359308,29
若松_20250717_9,9.0,"[2.9093358516693115, 0.8413767218589783, 1.1222264766693115, 0.4404037892818451, 1.8398871421813965, 0.8929378390312195]","[1, 2, 3, 5, 6, 4]",0.000860788166115774,248
