race_key,race_date,rank,exacta,prob,fair_odds
2025-08-15-08-20,2025-08-15,1,3-1,0.8961022974047342,1.1159440198916701
2025-08-15-08-20,2025-08-15,2,1-3,0.07426481608180081,13.46532655380881
2025-08-15-08-20,2025-08-15,3,3-2,0.027189593181924893,36.77877757526657
2025-08-15-08-20,2025-08-15,4,2-3,0.00209031561932525,478.3966549141503
2025-08-15-08-20,2025-08-15,5,1-2,0.00018169059455100083,5503.862225071306
2025-08-15-08-20,2025-08-15,6,2-1,0.00016854508137667556,5933.130719876272
2025-08-15-08-20,2025-08-15,7,3-5,1.7872052670686583e-06,559532.8183204058
2025-08-15-08-20,2025-08-15,8,3-6,5.801396099229725e-07,1723723.0192449265
2025-08-15-08-20,2025-08-15,9,3-4,1.4840338279340262e-07,6738390.872074216
2025-08-15-08-20,2025-08-15,10,5-3,1.370886613664726e-07,7294549.308689707
2025-08-31-05-20,2025-08-31,1,4-2,0.5920494220376534,1.6890481820897743
2025-08-31-05-20,2025-08-31,2,4-5,0.28504443612523916,3.508224940621654
2025-08-31-05-20,2025-08-31,3,2-4,0.079267790397488,12.615464553578498
2025-08-31-05-20,2025-08-31,4,5-4,0.03645555329704866,27.430663083118183
2025-08-31-05-20,2025-08-31,5,2-5,0.0036055442896082836,277.3506354871716
2025-08-31-05-20,2025-08-31,6,5-2,0.003444158818438847,290.3466572581794
2025-08-31-05-20,2025-08-31,7,4-1,0.00011418938376225856,8757.381527533176
2025-08-31-05-20,2025-08-31,8,1-4,1.4021681387088746e-05,71318.12315467434
2025-08-31-05-20,2025-08-31,9,2-1,1.4443884123982906e-06,692334.5489455849
2025-08-31-05-20,2025-08-31,10,1-2,1.3247062033369607e-06,754884.3641563545
2025-08-30-08-20,2025-08-30,1,1-4,0.5742188669170611,1.7414962440522486
2025-08-30-08-20,2025-08-30,2,1-6,0.29624214863342657,3.375616888457731
2025-08-30-08-20,2025-08-30,3,1-3,0.07248736983760524,13.795506751594353
2025-08-30-08-20,2025-08-30,4,4-1,0.03372159274422554,29.654589793100428
2025-08-30-08-20,2025-08-30,5,6-1,0.017101176864219896,58.475507734924356
2025-08-30-08-20,2025-08-30,6,3-1,0.004127955516438686,242.25067252244295
2025-08-30-08-20,2025-08-30,7,4-6,0.000636547409864222,1570.9748944125056
2025-08-30-08-20,2025-08-30,8,6-4,0.0006257189151681317,1598.1616917099243
2025-08-30-08-20,2025-08-30,9,1-2,0.0003524938072587579,2836.9292719685204
2025-08-30-08-20,2025-08-30,10,4-3,0.00015575652462301623,6420.276790460882
2025-08-16-03-20,2025-08-16,1,3-5,0.9238434386261706,1.0824344885612658
2025-08-16-03-20,2025-08-16,2,3-2,0.06645543136385712,15.047679015501304
2025-08-16-03-20,2025-08-16,3,5-3,0.008980673231768413,111.3502266692635
2025-08-16-03-20,2025-08-16,4,2-3,0.0006406213137179514,1560.9845919679678
2025-08-16-03-20,2025-08-16,5,3-6,4.576157003024159e-05,21852.397095185956
2025-08-16-03-20,2025-08-16,6,3-1,1.639344579365342e-05,60999.988201817905
2025-08-16-03-20,2025-08-16,7,5-2,5.861890174762355e-06,170593.43832564054
2025-08-16-03-20,2025-08-16,8,2-5,5.812969763337891e-06,172029.1074464123
2025-08-16-03-20,2025-08-16,9,3-4,5.342637431587436e-06,187173.4724291171
2025-08-16-03-20,2025-08-16,10,6-3,4.408503379766083e-07,2268343.503125681
2025-08-30-10-20,2025-08-30,1,1-2,0.9839740805623701,1.0162869325058548
2025-08-30-10-20,2025-08-30,2,2-1,0.015903687775362146,62.87849800152586
2025-08-30-10-20,2025-08-30,3,1-4,6.588272304535317e-05,15178.486161107936
2025-08-30-10-20,2025-08-30,4,1-6,5.242478354546425e-05,19074.947617719237
2025-08-30-10-20,2025-08-30,5,1-3,1.9460077408584673e-06,513872.57049597206
2025-08-30-10-20,2025-08-30,6,4-1,1.0479094970904057e-06,954280.8828210549
2025-08-30-10-20,2025-08-30,7,6-1,8.338516392644327e-07,1199254.103382386
2025-08-30-10-20,2025-08-30,8,3-1,3.0952544027628983e-08,32307522.092768077
2025-08-30-10-20,2025-08-30,9,2-4,1.7208685174459728e-08,58110192.02583531
2025-08-30-10-20,2025-08-30,10,4-2,1.693502111105485e-08,59049232.56028418
2025-08-31-01-20,2025-08-31,1,2-1,0.6473234646884405,1.5448227270446688
2025-08-31-01-20,2025-08-31,2,1-2,0.33073219307675233,3.0235943791777538
2025-08-31-01-20,2025-08-31,3,2-3,0.010993000181850543,90.96697748181623
2025-08-31-01-20,2025-08-31,4,3-2,0.003762363441086984,265.79037768639654
2025-08-31-01-20,2025-08-31,5,1-3,0.0028430698102059316,351.7324817034891
2025-08-31-01-20,2025-08-31,6,3-1,0.001904482180745936,525.0771102559363
2025-08-31-01-20,2025-08-31,7,2-4,0.001365692132692426,732.2294505925918
2025-08-31-01-20,2025-08-31,8,4-2,0.00046508629972545027,2150.138588451907
2025-08-31-01-20,2025-08-31,9,1-4,0.0003532027661478645,2831.234904829032
2025-08-31-01-20,2025-08-31,10,4-1,0.00023542344704483996,4247.665271036214
2025-08-30-11-20,2025-08-30,1,1-3,0.6618983641737597,1.5108059698082028
2025-08-30-11-20,2025-08-30,2,1-2,0.3333145250403417,3.0001692841887646
2025-08-30-11-20,2025-08-30,3,3-1,0.0024239989417938973,412.5414342218908
2025-08-30-11-20,2025-08-30,4,2-1,0.0012191893359120864,820.2171480214688
2025-08-30-11-20,2025-08-30,5,1-4,0.0011327416921835865,882.8138020348661
2025-08-30-11-20,2025-08-30,6,4-1,4.138266938699665e-06,241647.05051970913
2025-08-30-11-20,2025-08-30,7,3-2,2.9733874734472376e-06,336316.74611201487
2025-08-30-11-20,2025-08-30,8,2-3,2.969800698416545e-06,336722.9324625001
2025-08-30-11-20,2025-08-30,9,1-6,1.0649942275150946e-06,938972.2255427217
2025-08-30-11-20,2025-08-30,10,3-4,1.0104810037253724e-08,98962770.83025493
2025-08-29-12-20,2025-08-29,1,4-6,0.6029527580628526,1.658504727986929
2025-08-29-12-20,2025-08-29,2,6-4,0.2700423906839343,3.703122304121614
2025-08-29-12-20,2025-08-29,3,4-3,0.0411304518844008,24.31288629676499
2025-08-29-12-20,2025-08-29,4,4-1,0.03541549039361049,28.236231911119198
2025-08-29-12-20,2025-08-29,5,3-4,0.013442986280397057,74.38823332418544
2025-08-29-12-20,2025-08-29,6,1-4,0.011543389569490222,86.62966748025657
2025-08-29-12-20,2025-08-29,7,6-3,0.0077096953264020945,129.70681170440918
2025-08-29-12-20,2025-08-29,8,6-1,0.0066384546792059825,150.63746735100236
2025-08-29-12-20,2025-08-29,9,3-6,0.0056262734000805,177.737541155695
2025-08-29-12-20,2025-08-29,10,1-6,0.004831237965056621,206.98628534400504
2025-08-12-12-20,2025-08-12,1,1-3,0.9599078318211898,1.0417666851438696
2025-08-12-12-20,2025-08-12,2,1-2,0.023171103389268075,43.1572024517037
2025-08-12-12-20,2025-08-12,3,3-1,0.016508341167973308,60.575438187577014
2025-08-12-12-20,2025-08-12,4,2-1,0.00039206809945841137,2550.5773139446023
2025-08-12-12-20,2025-08-12,5,3-2,6.694352707522404e-06,149379.6403760301
2025-08-12-12-20,2025-08-12,6,2-3,6.586420927555292e-06,151827.52681602055
2025-08-12-12-20,2025-08-12,7,1-5,5.1878010308228275e-06,192759.89847309003
2025-08-12-12-20,2025-08-12,8,1-4,2.0600273384714183e-06,485430.4510065483
2025-08-12-12-20,2025-08-12,9,5-1,8.774552449601506e-08,11396592.655223284
2025-08-12-12-20,2025-08-12,10,4-1,3.4842926413185126e-08,28700229.944565848
2025-08-30-12-20,2025-08-30,1,1-3,0.4922417478706208,2.031522121652381
2025-08-30-12-20,2025-08-30,2,1-5,0.2206398411627826,4.532273023448312
2025-08-30-12-20,2025-08-30,3,3-1,0.17560697988745838,5.694534469192923
2025-08-30-12-20,2025-08-30,4,5-1,0.06930417544711893,14.42914504859853
2025-08-30-12-20,2025-08-30,5,3-5,0.021778383799771234,45.91708958726792
2025-08-30-12-20,2025-08-30,6,5-3,0.019175106380536693,52.15094926487761
2025-08-30-12-20,2025-08-30,7,1-6,0.0007195901280603333,1389.6799872665235
2025-08-30-12-20,2025-08-30,8,6-1,0.00020608077004090661,4852.466340267954
2025-08-30-12-20,2025-08-30,9,1-4,9.514208635142362e-05,10510.595661170688
2025-08-30-12-20,2025-08-30,10,3-6,7.10275619527047e-05,14079.04160733931
2025-08-31-04-20,2025-08-31,1,1-3,0.6451190299100781,1.5501015372920997
2025-08-31-04-20,2025-08-31,2,3-1,0.2734480344565767,3.6570019674388954
2025-08-31-04-20,2025-08-31,3,1-4,0.05058100303235742,19.77026828353493
2025-08-31-04-20,2025-08-31,4,4-1,0.01573886507898917,63.536982811738106
2025-08-31-04-20,2025-08-31,5,3-4,0.008694839865930636,115.01074377670173
2025-08-31-04-20,2025-08-31,6,4-3,0.006382820190117639,156.6705578747581
2025-08-31-04-20,2025-08-31,7,1-5,1.9192991916447083e-05,52102.35091815301
2025-08-31-04-20,2025-08-31,8,5-1,5.840056119050074e-06,171231.2312784174
2025-08-31-04-20,2025-08-31,9,3-5,3.2992621983959652e-06,303098.06855792785
2025-08-31-04-20,2025-08-31,10,1-2,2.655349796375479e-06,376598.21744200634
2025-08-29-09-20,2025-08-29,1,1-5,0.6330565429561773,1.5796377292466022
2025-08-29-09-20,2025-08-29,2,1-4,0.30091694446819806,3.3231761068399504
2025-08-29-09-20,2025-08-29,3,1-3,0.05314780146386231,18.815453743273785
2025-08-29-09-20,2025-08-29,4,5-1,0.005499657249571096,181.82951311701967
2025-08-29-09-20,2025-08-29,5,1-2,0.004231977719003376,236.29614010243378
2025-08-29-09-20,2025-08-29,6,4-1,0.0026066189316659347,383.6387390008262
2025-08-29-09-20,2025-08-29,7,3-1,0.0004593851998031666,2176.8224148894465
2025-08-29-09-20,2025-08-29,8,2-1,3.656367876336891e-05,27349.5456097772
2025-08-29-09-20,2025-08-29,9,5-4,1.45482104064728e-05,68736.9767181178
2025-08-29-09-20,2025-08-29,10,4-5,1.4505989307113328e-05,68937.04240562402
2025-08-30-01-20,2025-08-30,1,2-1,0.7870184550546541,1.270618234651887
2025-08-30-01-20,2025-08-30,2,1-2,0.11556198806772798,8.653364455913696
2025-08-30-01-20,2025-08-30,3,2-5,0.07079721272124516,14.124849857258791
2025-08-30-01-20,2025-08-30,4,2-4,0.012319058119666262,81.17503710803916
2025-08-30-01-20,2025-08-30,5,5-2,0.009274851059789374,107.81844296513258
2025-08-30-01-20,2025-08-30,6,4-2,0.0015997878157109208,625.0828954811208
2025-08-30-01-20,2025-08-30,7,1-5,0.0013999266782806395,714.3231252855178
2025-08-30-01-20,2025-08-30,8,5-1,0.0012490102028608501,800.6339721721297
2025-08-30-01-20,2025-08-30,9,1-4,0.0002435940265178736,4105.190978181173
2025-08-30-01-20,2025-08-30,10,2-3,0.00023793020661569625,4202.9131745142195
2025-08-12-02-20,2025-08-12,1,4-5,0.9874773103561119,1.0126814960835628
2025-08-12-02-20,2025-08-12,2,5-4,0.00662299633550366,150.98906134664995
2025-08-12-02-20,2025-08-12,3,4-1,0.00583994611295843,171.23445673258357
2025-08-12-02-20,2025-08-12,4,1-4,3.891053732518655e-05,25699.97920210437
2025-08-12-02-20,2025-08-12,5,4-2,1.003883006232055e-05,99613.20131848537
2025-08-12-02-20,2025-08-12,6,4-3,9.434367099264215e-06,105995.45146785627
2025-08-12-02-20,2025-08-12,7,4-6,7.065964544391082e-07,1415234.953016844
2025-08-12-02-20,2025-08-12,8,5-1,2.6116268496262143e-07,3829030.93580587
2025-08-12-02-20,2025-08-12,9,1-5,2.594430993980119e-07,3854409.7041713917
2025-08-12-02-20,2025-08-12,10,2-4,6.688434964167551e-08,14951180.73745763
2025-08-30-02-20,2025-08-30,1,1-4,0.9102099691857213,1.0986476020413238
2025-08-30-02-20,2025-08-30,2,1-3,0.05519632521044881,18.117148128743494
2025-08-30-02-20,2025-08-30,3,1-2,0.026828414730231565,37.27391312738099
2025-08-30-02-20,2025-08-30,4,4-1,0.005593486395866457,178.7793746560271
2025-08-30-02-20,2025-08-30,5,1-5,0.001636936074537318,610.8974049476252
2025-08-30-02-20,2025-08-30,6,3-1,0.00033741258044998987,2963.730631105548
2025-08-30-02-20,2025-08-30,7,2-1,0.00016397224756462575,6098.592992731125
2025-08-30-02-20,2025-08-30,8,1-6,1.747566346852351e-05,57222.43403239948
2025-08-30-02-20,2025-08-30,9,5-1,1.0003219182823915e-05,99967.8185315639
2025-08-30-02-20,2025-08-30,10,4-3,1.9099437253824072e-06,523575.6356118717
2025-08-12-03-20,2025-08-12,1,5-2,0.4897749619522662,2.041754025183224
2025-08-12-03-20,2025-08-12,2,2-5,0.4558207519105049,2.1938448300316487
2025-08-12-03-20,2025-08-12,3,5-4,0.016526106321614498,60.510321096754645
2025-08-12-03-20,2025-08-12,4,2-4,0.014275283507655228,70.05114815854567
2025-08-12-03-20,2025-08-12,5,4-5,0.00824559698505644,121.27684651727556
2025-08-12-03-20,2025-08-12,6,4-2,0.007653124707888354,130.66558277421817
2025-08-12-03-20,2025-08-12,7,5-1,0.002000775800429337,499.8061250967823
2025-08-12-03-20,2025-08-12,8,2-1,0.0017282741155446174,578.6119175226308
2025-08-12-03-20,2025-08-12,9,1-5,0.0009842605469068783,1015.9911449692709
2025-08-12-03-20,2025-08-12,10,1-2,0.0009135383070727625,1094.644846590271
2025-08-12-07-20,2025-08-12,1,1-4,0.6049066249351912,1.653147707064935
2025-08-12-07-20,2025-08-12,2,4-1,0.18641182470777548,5.3644665598205945
2025-08-12-07-20,2025-08-12,3,1-3,0.13003999808526137,7.689941669672627
2025-08-12-07-20,2025-08-12,4,3-1,0.03355311157736624,29.8034952047358
2025-08-12-07-20,2025-08-12,5,1-2,0.016724162401539042,59.79372694371677
2025-08-12-07-20,2025-08-12,6,4-3,0.01056086706857137,94.68919488400262
2025-08-12-07-20,2025-08-12,7,3-4,0.008842403034738006,113.09142956631011
2025-08-12-07-20,2025-08-12,8,2-1,0.0041538998589748435,240.73762824094507
2025-08-12-07-20,2025-08-12,9,4-2,0.0013582102319014979,736.263044197508
2025-08-12-07-20,2025-08-12,10,1-5,0.0013147301966358906,760.6123313808287
2025-08-12-08-20,2025-08-12,1,1-3,0.9789645125299165,1.021487487238656
2025-08-12-08-20,2025-08-12,2,1-5,0.015144746457808753,66.02949760736284
2025-08-12-08-20,2025-08-12,3,3-1,0.005047931208313842,198.10095635871977
2025-08-12-08-20,2025-08-12,4,1-6,0.0007048514484499501,1418.7386607477586
2025-08-12-08-20,2025-08-12,5,5-1,7.77041802110931e-05,12869.32050866987
2025-08-12-08-20,2025-08-12,6,1-2,5.31890913202779e-05,18800.84760197357
2025-08-12-08-20,2025-08-12,7,6-1,3.6161599485627604e-06,276536.4403743947
2025-08-12-08-20,2025-08-12,8,1-4,2.3331979265321987e-06,428596.30065173545
2025-08-12-08-20,2025-08-12,9,3-5,3.962703168487552e-07,2523529.9175377567
2025-08-12-08-20,2025-08-12,10,5-3,3.9430060103389523e-07,2536136.129079948
2025-08-15-10-20,2025-08-15,1,1-2,0.5954931484563499,1.679280446118014
2025-08-15-10-20,2025-08-15,2,1-5,0.4004589044612906,2.4971351338665575
2025-08-15-10-20,2025-08-15,3,1-4,0.0024420511947114516,409.4918248092494
2025-08-15-10-20,2025-08-15,4,1-3,0.0010857689921692048,921.006224355467
2025-08-15-10-20,2025-08-15,5,2-1,0.0003027393419098233,3303.1716118940003
2025-08-15-10-20,2025-08-15,6,5-1,0.0002035668082709379,4912.39219445366
2025-08-15-10-20,2025-08-15,7,1-6,1.1896577715644255e-05,84057.78736560335
2025-08-15-10-20,2025-08-15,8,4-1,1.2411259954371933e-06,805719.970153187
2025-08-15-10-20,2025-08-15,9,3-1,5.518210243819125e-07,1812181.7687538941
2025-08-15-10-20,2025-08-15,10,2-5,6.16778095311075e-08,16213286.554796426
2025-08-16-01-20,2025-08-16,1,2-1,0.9223195531097933,1.0842229210345709
2025-08-16-01-20,2025-08-16,2,1-2,0.05336945449398513,18.737309749206872
2025-08-16-01-20,2025-08-16,3,2-5,0.01054689956146301,94.81459401148268
2025-08-16-01-20,2025-08-16,4,2-3,0.007613785823893203,131.3407052851224
2025-08-16-01-20,2025-08-16,5,2-6,0.0035225163762489437,283.88796337261596
2025-08-16-01-20,2025-08-16,6,2-4,0.0012253869624885372,816.0687444961734
2025-08-16-01-20,2025-08-16,7,5-2,0.0005780265460277746,1730.024350736219
2025-08-16-01-20,2025-08-16,8,3-2,0.0004172052622746507,2396.9016942592857
2025-08-16-01-20,2025-08-16,9,6-2,0.0001929741561706668,5182.041055878994
2025-08-16-01-20,2025-08-16,10,4-2,6.71214869257797e-05,14898.358868386822
2025-08-29-04-20,2025-08-29,1,1-3,0.5669465442994945,1.763834721376732
2025-08-29-04-20,2025-08-29,2,3-1,0.3791249231573347,2.637653023895255
2025-08-29-04-20,2025-08-29,3,1-5,0.02366349876913904,42.25917772160383
2025-08-29-04-20,2025-08-29,4,3-5,0.010427459053439099,95.90064030701595
2025-08-29-04-20,2025-08-29,5,5-1,0.009807939968275243,101.95820969893774
2025-08-29-04-20,2025-08-29,6,5-3,0.006463043985638139,154.72585398183136
2025-08-29-04-20,2025-08-29,7,1-2,0.0015622083498722146,640.1194821944191
2025-08-29-04-20,2025-08-29,8,3-2,0.0006883962409851981,1452.651743956141
2025-08-29-04-20,2025-08-29,9,2-1,0.0006376350687466682,1568.2951722928199
2025-08-29-04-20,2025-08-29,10,2-3,0.00042017625611750326,2379.9536157520233
2025-08-16-06-20,2025-08-16,1,1-3,0.9837403958991249,1.0165283485039913
2025-08-16-06-20,2025-08-16,2,1-6,0.010608454233045428,94.26444023154582
2025-08-16-06-20,2025-08-16,3,1-2,0.0037833193620755274,264.31815670231987
2025-08-16-06-20,2025-08-16,4,3-1,0.0017453801104876244,572.9410997588485
2025-08-16-06-20,2025-08-16,5,1-4,9.669786769974348e-05,10341.489670745375
2025-08-16-06-20,2025-08-16,6,6-1,1.8789321950479354e-05,53221.718305512775
2025-08-16-06-20,2025-08-16,7,2-1,6.700801374150588e-06,149235.88152570225
2025-08-16-06-20,2025-08-16,8,4-1,1.7126467644855928e-07,5838915.652290728
2025-08-16-06-20,2025-08-16,9,3-6,3.2910365492079e-08,30385563.485786386
2025-08-16-06-20,2025-08-16,10,6-3,3.285354129486649e-08,30438119.015080255
2025-08-30-05-20,2025-08-30,1,2-4,0.6295778137739886,1.5883660099226256
2025-08-30-05-20,2025-08-30,2,4-2,0.35102596212060927,2.848792134800586
2025-08-30-05-20,2025-08-30,3,2-1,0.0074498051912718155,134.23169792031595
2025-08-30-05-20,2025-08-30,4,1-2,0.002693644047857576,371.2443003727099
2025-08-30-05-20,2025-08-30,5,4-1,0.0022991774025209384,434.9381647990919
2025-08-30-05-20,2025-08-30,6,2-3,0.0015123706715341563,661.2135628004444
2025-08-30-05-20,2025-08-30,7,1-4,0.0014910010457586528,670.6903411266079
2025-08-30-05-20,2025-08-30,8,2-5,0.0014024449866190003,713.0404468918168
2025-08-30-05-20,2025-08-30,9,3-2,0.0005450031965562283,1834.851623474523
2025-08-30-05-20,2025-08-30,10,5-2,0.00050535870913741,1978.792453595757
2025-08-29-01-20,2025-08-29,1,1-4,0.7838251314532082,1.2757947657866042
2025-08-29-01-20,2025-08-29,2,1-3,0.1221401957422077,8.187312898291289
2025-08-29-01-20,2025-08-29,3,1-6,0.0878839491720838,11.378642054898103
2025-08-29-01-20,2025-08-29,4,4-1,0.0031665349372855334,315.80261067867315
2025-08-29-01-20,2025-08-29,5,1-2,0.0020824069032775346,480.2135444451723
2025-08-29-01-20,2025-08-29,6,3-1,0.0004921071369625339,2032.077823890886
2025-08-29-01-20,2025-08-29,7,6-1,0.0003540384549744437,2824.5519263498795
2025-08-29-01-20,2025-08-29,8,1-5,4.127136997763668e-05,24229.871713535566
2025-08-29-01-20,2025-08-29,9,2-1,8.38601766489034e-06,119246.11179710369
2025-08-29-01-20,2025-08-29,10,4-3,1.5701253529248417e-06,636891.824042706
2025-08-09-03-20,2025-08-09,1,5-3,0.9883375084970162,1.0118001101877832
2025-08-09-03-20,2025-08-09,2,3-5,0.009777282590068688,102.27790705525416
2025-08-09-03-20,2025-08-09,3,5-2,0.0012982117994980876,770.2903335084601
2025-08-09-03-20,2025-08-09,4,5-4,0.0005653379341866858,1768.8535290642292
2025-08-09-03-20,2025-08-09,5,2-5,1.2717355902689476e-05,78632.6975239027
2025-08-09-03-20,2025-08-09,6,4-5,5.538042090464861e-06,180569.23072537725
2025-08-09-03-20,2025-08-09,7,5-6,1.935665888952421e-06,516618.0825458459
2025-08-09-03-20,2025-08-09,8,5-1,1.0755945474788817e-06,929718.3612021185
2025-08-09-03-20,2025-08-09,9,3-2,1.2681189771856455e-07,7885695.411792624
2025-08-09-03-20,2025-08-09,10,2-3,1.2557361157936387e-07,7963456.552876074
2025-08-30-09-20,2025-08-30,1,1-5,0.9114661614061352,1.0971334343968207
2025-08-30-09-20,2025-08-30,2,1-2,0.0557317818396272,17.943083228122553
2025-08-30-09-20,2025-08-30,3,1-3,0.01974636861486853,50.64222285646104
2025-08-30-09-20,2025-08-30,4,5-1,0.012044576204158414,83.02492201051857
2025-08-30-09-20,2025-08-30,5,2-1,0.0007281254001318859,1373.3898032109157
2025-08-30-09-20,2025-08-30,6,3-1,0.0002578598115145926,3878.0762078677344
2025-08-30-09-20,2025-08-30,7,5-2,8.996874826396867e-06,111149.70690333447
2025-08-30-09-20,2025-08-30,8,2-5,8.894959138336508e-06,112423.22583474118
2025-08-30-09-20,2025-08-30,9,5-3,3.187689337030036e-06,313706.8560550816
2025-08-30-09-20,2025-08-30,10,3-5,3.1500789375374135e-06,317452.3622515168
2025-08-16-02-20,2025-08-16,1,3-2,0.7296798993089882,1.3704639540530124
2025-08-16-02-20,2025-08-16,2,2-3,0.16923737616977957,5.9088602212598484
2025-08-16-02-20,2025-08-16,3,3-1,0.07631435430760358,13.103694699024205
2025-08-16-02-20,2025-08-16,4,1-3,0.014905223303829878,67.09057486868052
2025-08-16-02-20,2025-08-16,5,2-1,0.0037917160944120677,263.73282574444886
2025-08-16-02-20,2025-08-16,6,1-2,0.003193038566469587,313.1813096468983
2025-08-16-02-20,2025-08-16,7,3-4,0.0021914692827113124,456.31486048610634
2025-08-16-02-20,2025-08-16,8,4-3,0.00042049152323441163,2378.169225167779
2025-08-16-02-20,2025-08-16,9,2-4,0.00010888422532113653,9184.06681087789
2025-08-16-02-20,2025-08-16,10,4-2,9.00788685410723e-05,11101.382779292357
2025-08-29-06-20,2025-08-29,1,1-3,0.6806227027599872,1.4692427918506226
2025-08-29-06-20,2025-08-29,2,1-2,0.16172979651166602,6.183152527047588
2025-08-29-06-20,2025-08-29,3,3-1,0.12113645431308133,8.255153295270354
2025-08-29-06-20,2025-08-29,4,2-1,0.025946549937746435,38.5407694818502
2025-08-29-06-20,2025-08-29,5,3-2,0.004277235408270727,233.7958762022633
2025-08-29-06-20,2025-08-29,6,2-3,0.003855531943386226,259.36758265364614
2025-08-29-06-20,2025-08-29,7,1-5,0.0011944836507255824,837.1818227838912
2025-08-29-06-20,2025-08-29,8,1-4,0.0008045494554414283,1242.9316721758698
2025-08-29-06-20,2025-08-29,9,5-1,0.00018596049626904963,5377.486186922137
2025-08-29-06-20,2025-08-29,10,4-1,0.0001252454647809912,7984.321043070394
2025-08-30-07-20,2025-08-30,1,1-5,0.8761867570237412,1.1413091923425454
2025-08-30-07-20,2025-08-30,2,1-3,0.0912898049960556,10.95412571034857
2025-08-30-07-20,2025-08-30,3,5-1,0.02910181043649288,34.36212335250549
2025-08-30-07-20,2025-08-30,4,3-1,0.002952577099392863,338.6871760963091
2025-08-30-07-20,2025-08-30,5,1-2,0.00021452106010313903,4661.546980605133
2025-08-30-07-20,2025-08-30,6,5-3,9.146753696681807e-05,10932.840581055252
2025-08-30-07-20,2025-08-30,7,3-5,8.906819054094463e-05,11227.35281728105
2025-08-30-07-20,2025-08-30,8,1-4,6.439235444110741e-05,15529.794005507127
2025-08-30-07-20,2025-08-30,9,2-1,6.917178948188061e-06,144567.60588244544
2025-08-30-07-20,2025-08-30,10,4-1,2.0763052836586403e-06,481624.74365903856
2025-08-16-04-20,2025-08-16,1,1-3,0.7961728196917819,1.2560087147751724
2025-08-16-04-20,2025-08-16,2,1-2,0.1472063364326447,6.793185838556326
2025-08-16-04-20,2025-08-16,3,3-1,0.036076503151082094,27.718872746955952
2025-08-16-04-20,2025-08-16,4,1-4,0.012927300173175813,77.35567261561722
2025-08-16-04-20,2025-08-16,5,2-1,0.006471287851210922,154.52874651726052
2025-08-16-04-20,2025-08-16,6,4-1,0.0005648063820429845,1770.518237387578
2025-08-16-04-20,2025-08-16,7,3-2,0.0002535516005971567,3943.9703699161496
2025-08-16-04-20,2025-08-16,8,2-3,0.00024598775119381486,4065.243066562674
2025-08-16-04-20,2025-08-16,9,1-5,2.792653929415619e-05,35808.2320715355
2025-08-16-04-20,2025-08-16,10,3-4,2.226628098857946e-05,44910.95753767355
2025-08-09-11-20,2025-08-09,1,1-2,0.46485712436959004,2.1511986104464613
2025-08-09-11-20,2025-08-09,2,2-1,0.23991392233040837,4.168161606823319
2025-08-09-11-20,2025-08-09,3,1-5,0.1485735924779057,6.73067120019131
2025-08-09-11-20,2025-08-09,4,5-1,0.06083526060697548,16.437835393859366
2025-08-09-11-20,2025-08-09,5,2-5,0.033866487158311726,29.527715565107666
2025-08-09-11-20,2025-08-09,6,5-2,0.026868779528527956,37.217916762398865
2025-08-09-11-20,2025-08-09,7,1-6,0.013329163251052548,75.02346405135627
2025-08-09-11-20,2025-08-09,8,6-1,0.005014715236045051,199.41311778027674
2025-08-09-11-20,2025-08-09,9,2-6,0.0030383053175478745,329.1308461412529
2025-08-09-11-20,2025-08-09,10,6-2,0.0022148220740948886,451.5035368737965
2025-08-29-02-20,2025-08-29,1,1-5,0.9269455775343557,1.078811986632448
2025-08-29-02-20,2025-08-29,2,1-3,0.06414890657467699,15.58873024337337
2025-08-29-02-20,2025-08-29,3,5-1,0.00830587650632842,120.39668531528
2025-08-29-02-20,2025-08-29,4,3-1,0.0005703559424219517,1753.291104066723
2025-08-29-02-20,2025-08-29,5,1-6,1.9489937713094344e-05,51308.527237013615
2025-08-29-02-20,2025-08-29,6,5-3,4.819859484686358e-06,207474.92809223937
2025-08-29-02-20,2025-08-29,7,3-5,4.782553720155418e-06,209093.31259273406
2025-08-29-02-20,2025-08-29,8,6-1,1.7318783701789438e-07,5774077.540426101
2025-08-29-02-20,2025-08-29,9,1-2,1.3787105300114877e-08,72531541.48258139
2025-08-29-02-20,2025-08-29,10,5-6,1.4643860068456222e-09,682880057.119681
2025-08-29-11-20,2025-08-29,1,2-1,0.7276072836679132,1.3743677701505932
2025-08-29-11-20,2025-08-29,2,2-3,0.11432299139248474,8.747146902121187
2025-08-29-11-20,2025-08-29,3,2-4,0.06506073657792473,15.370253283288257
2025-08-29-11-20,2025-08-29,4,2-5,0.046154383125897834,21.66641459105293
2025-08-29-11-20,2025-08-29,5,1-2,0.03535634499235367,28.283466523936927
2025-08-29-11-20,2025-08-29,6,3-2,0.005386828939264392,185.6379720378789
2025-08-29-11-20,2025-08-29,7,4-2,0.0030581742241976993,326.992488553312
2025-08-29-11-20,2025-08-29,8,5-2,0.002167461843205453,461.36913696303094
2025-08-29-11-20,2025-08-29,9,1-3,0.0002084657211703498,4796.951721299255
2025-08-29-11-20,2025-08-29,10,3-1,0.00020214543223109855,4946.933447681226
2025-08-09-10-20,2025-08-09,1,1-3,0.6639891820929481,1.5060486329730831
2025-08-09-10-20,2025-08-09,2,3-1,0.14359689682776225,6.963938790400555
2025-08-09-10-20,2025-08-09,3,1-2,0.11627549553764277,8.600264358161882
2025-08-09-10-20,2025-08-09,4,1-4,0.03582638997094898,27.912385278306946
2025-08-09-10-20,2025-08-09,5,2-1,0.02195899391639377,45.53942697955015
2025-08-09-10-20,2025-08-09,6,4-1,0.006642269022527234,150.55096332420493
2025-08-09-10-20,2025-08-09,7,3-2,0.004610462767849007,216.89796672331573
2025-08-09-10-20,2025-08-09,8,2-3,0.004026101389440225,248.37923918727654
2025-08-09-10-20,2025-08-09,9,3-4,0.001420559304466912,703.9480835861804
2025-08-09-10-20,2025-08-09,10,4-3,0.0012178357825705186,821.1287714746509
2025-08-29-03-20,2025-08-29,1,6-5,0.5617946277286413,1.7800099015596518
2025-08-29-03-20,2025-08-29,2,6-3,0.30967745146514564,3.2291663318359185
2025-08-29-03-20,2025-08-29,3,6-1,0.05372904446269511,18.61190739571621
2025-08-29-03-20,2025-08-29,4,5-6,0.041160059054288656,24.295397600888656
2025-08-29-03-20,2025-08-29,5,3-6,0.022246681038253925,44.950525351645304
2025-08-29-03-20,2025-08-29,6,6-2,0.004639230570656955,215.55298551552514
2025-08-29-03-20,2025-08-29,7,1-6,0.0037849550472896613,264.20393043137517
2025-08-29-03-20,2025-08-29,8,5-3,0.0010343229832304828,966.8159909554727
2025-08-29-03-20,2025-08-29,9,3-5,0.0010141761930857834,986.0219622759531
2025-08-29-03-20,2025-08-29,10,2-6,0.0003256007450714688,3071.2460433114234
2025-08-17-07-20,2025-08-17,1,1-5,0.9743000467256463,1.026377863124121
2025-08-17-07-20,2025-08-17,2,5-1,0.02126989077224566,47.01481595311553
2025-08-17-07-20,2025-08-17,3,1-6,0.002177242452652538,459.2965743349797
2025-08-17-07-20,2025-08-17,4,1-3,0.002134149793779574,468.57067058493703
2025-08-17-07-20,2025-08-17,5,6-1,4.6522389349349784e-05,21495.02667394654
2025-08-17-07-20,2025-08-17,6,3-1,4.56015608635106e-05,21929.073940979477
2025-08-17-07-20,2025-08-17,7,1-2,2.1915520473995875e-05,45629.76276044012
2025-08-17-07-20,2025-08-17,8,5-6,1.0331574736152376e-06,967906.6604443052
2025-08-17-07-20,2025-08-17,9,5-3,1.0127088999994172e-06,987450.5892073977
2025-08-17-07-20,2025-08-17,10,6-5,1.0112282721127596e-06,988896.4021058269
2025-08-29-07-20,2025-08-29,1,2-5,0.6232898554524009,1.6043899820480354
2025-08-29-07-20,2025-08-29,2,2-1,0.25673285429724013,3.8950994516744637
2025-08-29-07-20,2025-08-29,3,2-4,0.1132952941818943,8.826491931734706
2025-08-29-07-20,2025-08-29,4,5-2,0.0026625639271232204,375.5778367659531
2025-08-29-07-20,2025-08-29,5,2-3,0.002421593410189846,412.95123937490513
2025-08-29-07-20,2025-08-29,6,1-2,0.0010949871414373381,913.2527334406384
2025-08-29-07-20,2025-08-29,7,4-2,0.00048291722555662294,2070.7482505876114
2025-08-29-07-20,2025-08-29,8,3-2,1.0317060487553232e-05,96926.8331039084
2025-08-29-07-20,2025-08-29,9,5-1,2.9372450770641754e-06,340455.0773813932
2025-08-29-07-20,2025-08-29,10,1-5,2.9326333510910442e-06,340990.46156859817
2025-08-12-05-20,2025-08-12,1,1-2,0.45418861677066114,2.2017284517391196
2025-08-12-05-20,2025-08-12,2,2-1,0.237893817401921,4.203556069347118
2025-08-12-05-20,2025-08-12,3,1-3,0.1670527819408333,5.986131978060561
2025-08-12-05-20,2025-08-12,4,3-1,0.07044494414937878,14.195482899092035
2025-08-12-05-20,2025-08-12,5,2-3,0.03899840400723984,25.64207498887276
2025-08-12-05-20,2025-08-12,6,3-2,0.03139757025575671,31.84959829229624
2025-08-12-05-20,2025-08-12,7,1-4,1.1086455222134504e-05,90200.15685477755
2025-08-12-05-20,2025-08-12,8,4-1,4.198980289281744e-06,238153.05886350202
2025-08-12-05-20,2025-08-12,9,2-4,2.588128462979481e-06,386379.5844387065
2025-08-12-05-20,2025-08-12,10,4-2,1.871500932071131e-06,534330.4846198134
2025-08-30-06-20,2025-08-30,1,1-5,0.9350550724161657,1.069455724587449
2025-08-30-06-20,2025-08-30,2,5-1,0.02922317303122325,34.21941891565158
2025-08-30-06-20,2025-08-30,3,1-2,0.01738840594760895,57.50958443304047
2025-08-30-06-20,2025-08-30,4,1-3,0.017061747193185726,58.61064454169084
2025-08-30-06-20,2025-08-30,5,2-1,0.0005278263801342086,1894.5623743658537
2025-08-30-06-20,2025-08-30,6,3-1,0.0005179053327949562,1930.8548043005183
2025-08-30-06-20,2025-08-30,7,1-6,0.00015605949489460374,6407.812614511918
2025-08-30-06-20,2025-08-30,8,5-2,1.6396149572694542e-05,60989.929102949754
2025-08-30-06-20,2025-08-30,9,5-3,1.6088131355677372e-05,62157.62277743388
2025-08-30-06-20,2025-08-30,10,2-5,1.5925131008403376e-05,62793.83192969149
2025-08-12-09-20,2025-08-12,1,4-1,0.6626001263455512,1.5092058697835082
2025-08-12-09-20,2025-08-12,2,4-2,0.3229583471194888,3.0963745291587648
2025-08-12-09-20,2025-08-12,3,4-5,0.009243601805684504,108.18293788737564
2025-08-12-09-20,2025-08-12,4,1-4,0.0026331624770770867,379.7714758225019
2025-08-12-09-20,2025-08-12,5,2-4,0.0012816945632670117,780.2170881110876
2025-08-12-09-20,2025-08-12,6,4-3,0.0011925785155550055,838.5192144222196
2025-08-12-09-20,2025-08-12,7,4-6,4.1840032928871793e-05,23900.554803577797
2025-08-12-09-20,2025-08-12,8,5-4,3.6638420555540775e-05,27293.752973987615
2025-08-12-09-20,2025-08-12,9,3-4,4.726814749056625e-06,211558.957371786
2025-08-12-09-20,2025-08-12,10,1-2,3.3974510602802713e-06,294338.30900201557
2025-08-31-06-20,2025-08-31,1,1-5,0.4406697477898403,2.2692730894631543
2025-08-31-06-20,2025-08-31,2,5-1,0.41371192206376695,2.4171408815380144
2025-08-31-06-20,2025-08-31,3,1-2,0.04006974235208178,24.95648689760158
2025-08-31-06-20,2025-08-31,4,5-2,0.03507382804828084,28.511287636566248
2025-08-31-06-20,2025-08-31,5,2-1,0.02129527222354836,46.9587798410108
2025-08-31-06-20,2025-08-31,6,2-5,0.019854777082400996,50.36571278790062
2025-08-31-06-20,2025-08-31,7,1-4,0.008159686844867797,122.55372283422503
2025-08-31-06-20,2025-08-31,8,5-4,0.007142333255103737,140.0102689531358
2025-08-31-06-20,2025-08-31,9,4-1,0.0041916293769760655,238.57071082973997
2025-08-31-06-20,2025-08-31,10,4-5,0.003908091242894467,255.87938915657594
2025-08-29-10-20,2025-08-29,1,2-1,0.5629496361377732,1.7763578405711333
2025-08-29-10-20,2025-08-29,2,2-4,0.25572948524456346,3.9103820939680203
2025-08-29-10-20,2025-08-29,3,2-3,0.16735587730966228,5.975290596754352
2025-08-29-10-20,2025-08-29,4,1-2,0.007922962933808512,126.2154080934602
2025-08-29-10-20,2025-08-29,5,4-2,0.0035834277148767022,279.06241720698637
2025-08-29-10-20,2025-08-29,6,3-2,0.0023421447656666204,426.9590909404698
2025-08-29-10-20,2025-08-29,7,1-4,2.9095336360201883e-05,34369.769354784024
2025-08-29-10-20,2025-08-29,8,4-1,2.896830902190425e-05,34520.48233964415
2025-08-29-10-20,2025-08-29,9,1-3,1.9040727890742188e-05,52519.000625297056
2025-08-29-10-20,2025-08-29,10,3-1,1.8933819444492594e-05,52815.54537538788
2025-08-15-09-20,2025-08-15,1,1-4,0.9395157944525729,1.0643780614488438
2025-08-15-09-20,2025-08-15,2,4-1,0.053679606849851354,18.629048509932765
2025-08-15-09-20,2025-08-15,3,1-3,0.006361950810888969,157.184491003675
2025-08-15-09-20,2025-08-15,4,3-1,0.0003440979992925097,2906.148835669118
2025-08-15-09-20,2025-08-15,5,1-6,5.487579281748666e-05,18222.97134413958
2025-08-15-09-20,2025-08-15,6,4-3,2.0635402889278886e-05,48460.40590365936
2025-08-15-09-20,2025-08-15,7,3-4,1.9534376424342658e-05,51191.805577876316
2025-08-15-09-20,2025-08-15,8,6-1,2.9669898306072514e-06,337041.9371458819
2025-08-15-09-20,2025-08-15,9,4-6,1.7799321738220159e-07,5618191.607002183
2025-08-15-09-20,2025-08-15,10,6-4,1.684354350139935e-07,5936993.0081334775
2025-08-30-03-20,2025-08-30,1,3-1,0.8404802709549107,1.189795923304483
2025-08-30-03-20,2025-08-30,2,1-3,0.15888471928095435,6.293871459291875
2025-08-30-03-20,2025-08-30,3,3-4,0.0004888833021939225,2045.4779198069969
2025-08-30-03-20,2025-08-30,4,4-3,7.774024700253486e-05,12863.349919217431
2025-08-30-03-20,2025-08-30,5,3-2,2.1255952503838483e-05,47045.64520547438
2025-08-30-03-20,2025-08-30,6,1-4,1.746212989395472e-05,57266.782807874646
2025-08-30-03-20,2025-08-30,7,4-1,1.4688698577642745e-05,68079.5507317491
2025-08-30-03-20,2025-08-30,8,3-6,4.541335760423934e-06,220199.52999613705
2025-08-30-03-20,2025-08-30,9,3-5,3.787490217990776e-06,264027.0845453139
2025-08-30-03-20,2025-08-30,10,2-3,3.379736833264933e-06,295881.02545663837
2025-08-30-04-20,2025-08-30,1,4-1,0.8260971896502315,1.2105113206151914
2025-08-30-04-20,2025-08-30,2,1-4,0.16815420944115458,5.946922193166678
2025-08-30-04-20,2025-08-30,3,4-3,0.004199902289241435,238.1007773827555
2025-08-30-04-20,2025-08-30,4,3-4,0.0007115919379777998,1405.2997885864158
2025-08-30-04-20,2025-08-30,5,4-5,0.00026643984382521325,3753.1924116274754
2025-08-30-04-20,2025-08-30,6,1-3,0.00017324607693554043,5772.136475979594
2025-08-30-04-20,2025-08-30,7,4-2,0.0001508847958075886,6627.573007920695
2025-08-30-04-20,2025-08-30,8,3-1,0.00014420444339977807,6934.599076310703
2025-08-30-04-20,2025-08-30,9,5-4,4.510687346469267e-05,22169.570249260312
2025-08-30-04-20,2025-08-30,10,2-4,2.5543406054222316e-05,39149.04683726391
2025-08-12-04-20,2025-08-12,1,2-1,0.8504931431178931,1.1757884329719783
2025-08-12-04-20,2025-08-12,2,1-2,0.134454693161361,7.437449571208985
2025-08-12-04-20,2025-08-12,3,2-5,0.006730894093954852,148.56867245885203
2025-08-12-04-20,2025-08-12,4,2-3,0.005947717231065154,168.1317320831868
2025-08-12-04-20,2025-08-12,5,5-2,0.0009216660353314467,1084.9917016204065
2025-08-12-04-20,2025-08-12,6,3-2,0.0008143239128427085,1228.0125687444427
2025-08-12-04-20,2025-08-12,7,1-5,0.0001661298942280565,6019.38624379812
2025-08-12-04-20,2025-08-12,8,1-3,0.00014679975954200045,6812.000258855281
2025-08-12-04-20,2025-08-12,9,5-1,0.00014389425842611153,6949.5476118214365
2025-08-12-04-20,2025-08-12,10,3-1,0.00012713556870413734,7865.619434378298
2025-08-29-08-20,2025-08-29,1,2-1,0.38414998309862375,2.603149925801943
2025-08-29-08-20,2025-08-29,2,1-2,0.22701443373731278,4.405006252409214
2025-08-29-08-20,2025-08-29,3,2-3,0.17338800467710355,5.767411660698655
2025-08-29-08-20,2025-08-29,4,3-2,0.08424947261140776,11.869510502604564
2025-08-29-08-20,2025-08-29,5,1-3,0.05027591594229563,19.890239317524394
2025-08-29-08-20,2025-08-29,6,3-1,0.04133857303508286,24.190481832823036
2025-08-29-08-20,2025-08-29,7,2-5,0.018472670524489965,54.134024567496056
2025-08-29-08-20,2025-08-29,8,5-2,0.007938617611578795,125.96651569934035
2025-08-29-08-20,2025-08-29,9,1-5,0.005356370714620845,186.69357542232507
2025-08-29-08-20,2025-08-29,10,5-1,0.0038952306021843176,256.7242102275621
2025-08-11-10-20,2025-08-11,1,5-1,0.7348442455688898,1.3608325927977243
2025-08-11-10-20,2025-08-11,2,1-5,0.2637088208348971,3.79206124707554
2025-08-11-10-20,2025-08-11,3,5-3,0.0008753948851379544,1142.3416071735546
2025-08-11-10-20,2025-08-11,4,3-5,0.00023133729704723498,4322.692504684265
2025-08-11-10-20,2025-08-11,5,1-3,0.00011264044340328023,8877.80596192929
2025-08-11-10-20,2025-08-11,6,5-4,9.694832843746933e-05,10314.772994203708
2025-08-11-10-20,2025-08-11,7,3-1,8.294813855471142e-05,12055.725630785724
2025-08-11-10-20,2025-08-11,8,4-5,2.5613007467077744e-05,39042.662260001
2025-08-11-10-20,2025-08-11,9,1-4,1.2474716139885196e-05,80162.14467619966
2025-08-11-10-20,2025-08-11,10,4-1,9.183781946532503e-06,108887.60271334267
2025-08-12-06-20,2025-08-12,1,2-3,0.9795021681333187,1.020926785599408
2025-08-12-06-20,2025-08-12,2,3-2,0.013948789636044656,71.69080802652077
2025-08-12-06-20,2025-08-12,3,2-1,0.0032348436625058825,309.1339503020516
2025-08-12-06-20,2025-08-12,4,2-5,0.0019504781632841035,512.694793935174
2025-08-12-06-20,2025-08-12,5,2-4,0.0012704749369623714,787.1072233750156
2025-08-12-06-20,2025-08-12,6,1-2,4.542587753438903e-05,22013.884029933462
2025-08-12-06-20,2025-08-12,7,5-2,2.738944155266623e-05,36510.41946500201
2025-08-12-06-20,2025-08-12,8,4-2,1.784037508209795e-05,56052.63316484063
2025-08-12-06-20,2025-08-12,9,3-1,6.517830185882116e-07,1534252.920804903
2025-08-12-06-20,2025-08-12,10,1-3,6.427201971320302e-07,1555887.0010032933
2025-08-31-03-20,2025-08-31,1,1-2,0.7909273571235989,1.2643386159213723
2025-08-31-03-20,2025-08-31,2,1-3,0.09605187058845871,10.41104138704985
2025-08-31-03-20,2025-08-31,3,2-1,0.07332089815268515,13.638676355512949
2025-08-31-03-20,2025-08-31,4,1-6,0.027198384388053536,36.76688974361412
2025-08-31-03-20,2025-08-31,5,3-1,0.008318116790032451,120.21951906209034
2025-08-31-03-20,2025-08-31,6,6-1,0.0023401236870726665,427.3278397736878
2025-08-31-03-20,2025-08-31,7,2-3,0.0007231943221962486,1382.7542187598044
2025-08-31-03-20,2025-08-31,8,3-2,0.0006755896937883454,1480.1883586952536
2025-08-31-03-20,2025-08-31,9,2-6,0.00020478223944880524,4883.2359812628965
2025-08-31-03-20,2025-08-31,10,6-2,0.00019006266503383742,5261.422593553379
2025-08-16-05-20,2025-08-16,1,1-2,0.9395525033575984,1.0643364755310485
2025-08-16-05-20,2025-08-16,2,1-4,0.051766372272991495,19.317559954297558
2025-08-16-05-20,2025-08-16,3,2-1,0.004757079630394492,210.21300413192216
2025-08-16-05-20,2025-08-16,4,1-3,0.0034390396033101567,290.7788555378881
2025-08-16-05-20,2025-08-16,5,4-1,0.00026092127109146455,3832.5736948041135
2025-08-16-05-20,2025-08-16,6,1-5,0.0002027712642944637,4931.665260753139
2025-08-16-05-20,2025-08-16,7,3-1,1.7329762868056485e-05,57704.19408584492
2025-08-16-05-20,2025-08-16,8,2-4,1.2534988827976504e-06,797766.9655102738
2025-08-16-05-20,2025-08-16,9,4-2,1.2478613637556615e-06,801371.0729774672
2025-08-16-05-20,2025-08-16,10,5-1,1.0217737324562445e-06,978690.2601186443
2025-08-09-12-20,2025-08-09,1,1-2,0.5228309522530332,1.9126641138798386
2025-08-09-12-20,2025-08-09,2,2-1,0.471144390484322,2.122491576249121
2025-08-09-12-20,2025-08-09,3,1-3,0.0014182808034614912,705.0789925093643
2025-08-09-12-20,2025-08-09,4,2-3,0.0011512392718305226,868.6291585674928
2025-08-09-12-20,2025-08-09,5,1-5,0.0007892218393236179,1267.0708667375754
2025-08-09-12-20,2025-08-09,6,3-1,0.0006744793291803466,1482.6251253915204
2025-08-09-12-20,2025-08-09,7,2-5,0.0006406229100740536,1560.9807021800136
2025-08-09-12-20,2025-08-09,8,3-2,0.0006075461617387422,1645.9654639872801
2025-08-09-12-20,2025-08-09,9,5-1,0.0003751095642177672,2665.887770911266
2025-08-09-12-20,2025-08-09,10,5-2,0.00033788489300175484,2959.587778891335
2025-08-29-05-20,2025-08-29,1,3-1,0.5542344445291563,1.8042906027782861
2025-08-29-05-20,2025-08-29,2,1-3,0.351874918754166,2.8419189510311202
2025-08-29-05-20,2025-08-29,3,3-4,0.044384501224018304,22.530387239292853
2025-08-29-05-20,2025-08-29,4,4-3,0.018302471095212904,54.637430912897585
2025-08-29-05-20,2025-08-29,5,1-4,0.01736853320732126,57.57538578896666
2025-08-29-05-20,2025-08-29,6,4-1,0.011280977422583136,88.64480111431855
2025-08-29-05-20,2025-08-29,7,3-2,0.0012239539456823639,817.0242054675449
2025-08-29-05-20,2025-08-29,8,2-3,0.0004901682829438613,2040.1156802602209
2025-08-29-05-20,2025-08-29,9,1-2,0.00047895738745650857,2087.868412074142
2025-08-29-05-20,2025-08-29,10,2-1,0.00030212189951783763,3309.922258518565
2025-08-31-02-20,2025-08-31,1,4-3,0.25288980605112965,3.954291458461629
2025-08-31-02-20,2025-08-31,2,4-1,0.1913577047023754,5.225815190223624
2025-08-31-02-20,2025-08-31,3,4-6,0.17527769945094038,5.70523234348986
2025-08-31-02-20,2025-08-31,4,3-4,0.11390918866249472,8.778923032828658
2025-08-31-02-20,2025-08-31,5,1-4,0.08250234392800437,12.120867752225918
2025-08-31-02-20,2025-08-31,6,6-4,0.07473328006447345,13.380919439602891
2025-08-31-02-20,2025-08-31,7,3-1,0.021607828330351506,46.27952354635041
2025-08-31-02-20,2025-08-31,8,1-3,0.02068254699438362,48.34994453398566
2025-08-31-02-20,2025-08-31,9,3-6,0.019792097975702007,50.52521472092859
2025-08-31-02-20,2025-08-31,10,6-3,0.01873491713552692,53.3762702426746
2025-08-15-11-20,2025-08-15,1,3-1,0.9610040943396925,1.0405782929438003
2025-08-15-11-20,2025-08-15,2,1-3,0.03730289012660017,26.807574335558357
2025-08-15-11-20,2025-08-15,3,3-2,0.0016237376740354645,615.8630276248421
2025-08-15-11-20,2025-08-15,4,2-3,6.0680485851112944e-05,16479.76257892238
2025-08-15-11-20,2025-08-15,5,3-4,2.9134422402501062e-06,343236.59696584695
2025-08-15-11-20,2025-08-15,6,1-2,2.4425531811716305e-06,409407.6672346293
2025-08-15-11-20,2025-08-15,7,2-1,2.3515811337680566e-06,425245.79978988424
2025-08-15-11-20,2025-08-15,8,3-6,7.376055048982442e-07,1355738.25487915
2025-08-15-11-20,2025-08-15,9,4-3,1.0887101412625878e-07,9185181.271851571
2025-08-15-11-20,2025-08-15,10,6-3,2.756322107614448e-08,36280229.99334732
