race_key,race_date,rank,trifecta,prob,fair_odds,pl_top1_prob,pl_top2_prob,pl_gap,pl_top1
2025-08-15-08-20,2025-08-15,1,3-1-2,0.8960193921839305,1.1160472738906135,0.2203669652194778,0.15834743263733428,0.062019532582143516,3-1-2
2025-08-15-08-20,2025-08-15,2,1-3-2,0.07425794528033552,13.466572448575588,0.2203669652194778,0.15834743263733428,0.062019532582143516,3-1-2
2025-08-15-08-20,2025-08-15,3,3-2-1,0.02718951684914471,36.77888082926551,0.2203669652194778,0.15834743263733428,0.062019532582143516,3-1-2
2025-08-15-08-20,2025-08-15,4,2-3-1,0.0020903097509181144,478.39799798129246,0.2203669652194778,0.15834743263733428,0.062019532582143516,3-1-2
2025-08-15-08-20,2025-08-15,5,1-2-3,0.00018169055342218975,5503.863470966073,0.2203669652194778,0.15834743263733428,0.062019532582143516,3-1-2
2025-08-15-08-20,2025-08-15,6,2-1-3,0.00016854504322357897,5933.132062943414,0.2203669652194778,0.15834743263733428,0.062019532582143516,3-1-2
2025-08-15-08-20,2025-08-15,7,3-1-5,5.8896452270986456e-05,16978.95138741013,0.2203669652194778,0.15834743263733428,0.062019532582143516,3-1-2
2025-08-15-08-20,2025-08-15,8,3-1-6,1.9118209573307187e-05,52306.153260093895,0.2203669652194778,0.15834743263733428,0.062019532582143516,3-1-2
2025-08-15-08-20,2025-08-15,9,3-1-4,4.890558970811713e-06,204475.60411157348,0.2203669652194778,0.15834743263733428,0.062019532582143516,3-1-2
2025-08-15-08-20,2025-08-15,10,1-3-5,4.881065709174995e-06,204873.29193710475,0.2203669652194778,0.15834743263733428,0.062019532582143516,3-1-2
2025-08-31-05-20,2025-08-31,1,4-2-5,0.591810884644431,1.6897289758379743,0.14760491775985438,0.13207854583401624,0.01552637192583814,4-2-5
2025-08-31-05-20,2025-08-31,2,4-5-2,0.28498913214024674,3.5089057343698546,0.14760491775985438,0.13207854583401624,0.01552637192583814,4-2-5
2025-08-31-05-20,2025-08-31,3,2-4-5,0.07923585331354853,12.620549387445166,0.14760491775985438,0.13207854583401624,0.01552637192583814,4-2-5
2025-08-31-05-20,2025-08-31,4,5-4-2,0.036448480233634964,27.435986180767877,0.14760491775985438,0.13207854583401624,0.01552637192583814,4-2-5
2025-08-31-05-20,2025-08-31,5,2-5-4,0.0036054781882360444,277.35572032103823,0.14760491775985438,0.13207854583401624,0.01552637192583814,4-2-5
2025-08-31-05-20,2025-08-31,6,5-2-4,0.003444095675788023,290.3519803558291,0.14760491775985438,0.13207854583401624,0.01552637192583814,4-2-5
2025-08-31-05-20,2025-08-31,7,4-2-1,0.00023708065009082611,4217.973924134668,0.14760491775985438,0.13207854583401624,0.01552637192583814,4-2-5
2025-08-31-05-20,2025-08-31,8,4-1-2,7.707921330020638e-05,12973.666403485757,0.14760491775985438,0.13207854583401624,0.01552637192583814,4-2-5
2025-08-31-05-20,2025-08-31,9,4-5-1,5.496624465240333e-05,18192.98382714374,0.14760491775985438,0.13207854583401624,0.01552637192583814,4-2-5
2025-08-31-05-20,2025-08-31,10,4-1-5,3.7110079115552355e-05,26946.857129736298,0.14760491775985438,0.13207854583401624,0.01552637192583814,4-2-5
2025-08-30-08-20,2025-08-30,1,1-4-6,0.46089439269331994,2.169694437279479,0.07225189287991858,0.06756104880910617,0.004690844070812411,1-4-6
2025-08-30-08-20,2025-08-30,2,1-6-4,0.262893957388968,3.803815081684961,0.07225189287991858,0.06756104880910617,0.004690844070812411,1-4-6
2025-08-30-08-20,2025-08-30,3,1-4-3,0.11277605990017256,8.867130141673533,0.07225189287991858,0.06756104880910617,0.004690844070812411,1-4-6
2025-08-30-08-20,2025-08-30,4,1-3-4,0.04779854104357792,20.921140649215637,0.07225189287991858,0.06756104880910617,0.004690844070812411,1-4-6
2025-08-30-08-20,2025-08-30,5,1-6-3,0.03318680840223634,30.13245467535268,0.07225189287991858,0.06756104880910617,0.004690844070812411,1-4-6
2025-08-30-08-20,2025-08-30,6,4-1-6,0.02706649659901567,36.94604495050782,0.07225189287991858,0.06756104880910617,0.004690844070812411,1-4-6
2025-08-30-08-20,2025-08-30,7,1-3-6,0.024659486680255287,40.552344538489294,0.07225189287991858,0.06756104880910617,0.004690844070812411,1-4-6
2025-08-30-08-20,2025-08-30,8,6-1-4,0.01517608511342043,65.8931465214099,0.07225189287991858,0.06756104880910617,0.004690844070812411,1-4-6
2025-08-30-08-20,2025-08-30,9,4-1-3,0.006622889950777763,150.99148671231725,0.07225189287991858,0.06756104880910617,0.004690844070812411,1-4-6
2025-08-30-08-20,2025-08-30,10,3-1-4,0.0027219949022925815,367.3776167463638,0.07225189287991858,0.06756104880910617,0.004690844070812411,1-4-6
2025-08-16-03-20,2025-08-16,1,3-5-2,0.9229060586128333,1.0835338988922039,0.1876083128333798,0.13028583778591551,0.057322475047464294,3-5-2
2025-08-16-03-20,2025-08-16,2,3-2-5,0.06645057636594826,15.048778425832243,0.1876083128333798,0.13028583778591551,0.057322475047464294,3-5-2
2025-08-16-03-20,2025-08-16,3,5-3-2,0.00897156096962305,111.4633232038344,0.1876083128333798,0.13028583778591551,0.057322475047464294,3-5-2
2025-08-16-03-20,2025-08-16,4,2-3-5,0.0006405745121988768,1561.0986402929714,0.1876083128333798,0.13028583778591551,0.057322475047464294,3-5-2
2025-08-16-03-20,2025-08-16,5,3-5-6,0.0006355181113987152,1573.5192783083628,0.1876083128333798,0.13028583778591551,0.057322475047464294,3-5-2
2025-08-16-03-20,2025-08-16,6,3-5-1,0.00022766552159846933,4392.408621994537,0.1876083128333798,0.13028583778591551,0.057322475047464294,3-5-2
2025-08-16-03-20,2025-08-16,7,3-5-4,7.419638024147147e-05,13477.746444577333,0.1876083128333798,0.13028583778591551,0.057322475047464294,3-5-2
2025-08-16-03-20,2025-08-16,8,3-6-5,4.2689736994671045e-05,23424.83393900576,0.1876083128333798,0.13028583778591551,0.057322475047464294,3-5-2
2025-08-16-03-20,2025-08-16,9,3-1-5,1.5292550843163128e-05,65391.314389323874,0.1876083128333798,0.13028583778591551,0.057322475047464294,3-5-2
2025-08-16-03-20,2025-08-16,10,5-3-6,6.177865483170622e-06,161868.2055677873,0.1876083128333798,0.13028583778591551,0.057322475047464294,3-5-2
2025-08-30-10-20,2025-08-30,1,1-2-4,0.5390714961879683,1.8550415057584697,0.17495068638274697,0.16713548720643495,0.007815199176312015,1-2-4
2025-08-30-10-20,2025-08-30,2,1-2-6,0.4289547425617083,2.3312482664908236,0.17495068638274697,0.16713548720643495,0.007815199176312015,1-2-4
2025-08-30-10-20,2025-08-30,3,1-2-3,0.015922798208200844,62.80303166091511,0.17495068638274697,0.16713548720643495,0.007815199176312015,1-2-4
2025-08-30-10-20,2025-08-30,4,2-1-4,0.008712856296801878,114.77292473732842,0.17495068638274697,0.16713548720643495,0.007815199176312015,1-2-4
2025-08-30-10-20,2025-08-30,5,2-1-6,0.006933071134721267,144.2362238275525,0.17495068638274697,0.16713548720643495,0.007815199176312015,1-2-4
2025-08-30-10-20,2025-08-30,6,2-1-3,0.00025735557085113195,3885.6745812526156,0.17495068638274697,0.16713548720643495,0.007815199176312015,1-2-4
2025-08-30-10-20,2025-08-30,7,1-4-2,6.587908260445348e-05,15179.32491568119,0.17495068638274697,0.16713548720643495,0.007815199176312015,1-2-4
2025-08-30-10-20,2025-08-30,8,1-6-2,5.242116981017312e-05,19076.262579053222,0.17495068638274697,0.16713548720643495,0.007815199176312015,1-2-4
2025-08-30-10-20,2025-08-30,9,1-2-5,2.5043667790365093e-05,39930.253362677344,0.17495068638274697,0.16713548720643495,0.007815199176312015,1-2-4
2025-08-30-10-20,2025-08-30,10,1-3-2,1.945773785914942e-06,513934.3572407005,0.17495068638274697,0.16713548720643495,0.007815199176312015,1-2-4
2025-08-31-01-20,2025-08-31,1,2-1-3,0.5754244402488733,1.7378476304682091,0.09815302753150257,0.09114064323543085,0.007012384296071719,2-1-3
2025-08-31-01-20,2025-08-31,2,1-2-3,0.2939973559664985,3.4013911339867686,0.09815302753150257,0.09114064323543085,0.007012384296071719,2-1-3
2025-08-31-01-20,2025-08-31,3,2-1-4,0.07148663858882427,13.988628081280815,0.09815302753150257,0.09114064323543085,0.007012384296071719,2-1-3
2025-08-31-01-20,2025-08-31,4,1-2-4,0.0365241398557161,27.379152635773792,0.09815302753150257,0.09114064323543085,0.007012384296071719,2-1-3
2025-08-31-01-20,2025-08-31,5,2-3-1,0.010969723275938786,91.16000238523976,0.09815302753150257,0.09114064323543085,0.007012384296071719,2-1-3
2025-08-31-01-20,2025-08-31,6,3-2-1,0.00375439690070899,266.3543643484144,0.09815302753150257,0.09114064323543085,0.007012384296071719,2-1-3
2025-08-31-01-20,2025-08-31,7,1-3-2,0.0028400193381984285,352.11027845829807,0.09815302753150257,0.09114064323543085,0.007012384296071719,2-1-3
2025-08-31-01-20,2025-08-31,8,3-1-2,0.0019024387664195272,525.6410969179542,0.09815302753150257,0.09114064323543085,0.007012384296071719,2-1-3
2025-08-31-01-20,2025-08-31,9,2-4-1,0.0013428708390078176,744.6732559468279,0.09815302753150257,0.09114064323543085,0.007012384296071719,2-1-3
2025-08-31-01-20,2025-08-31,10,4-2-1,0.0004573145107690348,2186.6789188875023,0.09815302753150257,0.09114064323543085,0.007012384296071719,2-1-3
2025-08-30-11-20,2025-08-30,1,1-3-2,0.6596544753934522,1.515945145985022,0.1899051728915542,0.17200271609530968,0.017902456796244526,1-3-2
2025-08-30-11-20,2025-08-30,2,1-2-3,0.3327445462547808,3.0053084603655837,0.1899051728915542,0.17200271609530968,0.017902456796244526,1-3-2
2025-08-30-11-20,2025-08-30,3,3-1-2,0.0024157813900921228,413.9447402406996,0.1899051728915542,0.17200271609530968,0.017902456796244526,1-3-2
2025-08-30-11-20,2025-08-30,4,1-3-4,0.0022417808723553764,446.07392824675503,0.1899051728915542,0.17200271609530968,0.017902456796244526,1-3-2
2025-08-30-11-20,2025-08-30,5,2-1-3,0.0012171044821032851,821.6221488823164,0.1899051728915542,0.17200271609530968,0.017902456796244526,1-3-2
2025-08-30-11-20,2025-08-30,6,1-4-3,0.0007533655148619194,1327.3769243118131,0.1899051728915542,0.17200271609530968,0.017902456796244526,1-3-2
2025-08-30-11-20,2025-08-30,7,1-2-4,0.0005694433477864794,1756.1009429422006,0.1899051728915542,0.17200271609530968,0.017902456796244526,1-3-2
2025-08-30-11-20,2025-08-30,8,1-4-2,0.0003793749650392746,2635.9145756928783,0.1899051728915542,0.17200271609530968,0.017902456796244526,1-3-2
2025-08-30-11-20,2025-08-30,9,3-1-4,8.209832138060497e-06,121805.17009160695,0.1899051728915542,0.17200271609530968,0.017902456796244526,1-3-2
2025-08-30-11-20,2025-08-30,10,3-2-1,2.973375066824089e-06,336318.1494180337,0.1899051728915542,0.17200271609530968,0.017902456796244526,1-3-2
2025-08-29-12-20,2025-08-29,1,4-6-3,0.32396750173729466,3.0867293621657774,0.06586151117086514,0.0639201296220512,0.0019413815488139446,4-6-3
2025-08-29-12-20,2025-08-29,2,4-6-1,0.2789531215914161,3.5848317247537547,0.06586151117086514,0.0639201296220512,0.0019413815488139446,4-6-3
2025-08-29-12-20,2025-08-29,3,6-4-3,0.14509421758697932,6.8920734170576585,0.06586151117086514,0.0639201296220512,0.0019413815488139446,4-6-3
2025-08-29-12-20,2025-08-29,4,6-4-1,0.1249337810234213,8.004240260786874,0.06586151117086514,0.0639201296220512,0.0019413815488139446,4-6-3
2025-08-29-12-20,2025-08-29,5,4-3-6,0.03884836216598105,25.74111093094384,0.06586151117086514,0.0639201296220512,0.0019413815488139446,4-6-3
2025-08-29-12-20,2025-08-29,6,4-1-6,0.03315368576830361,30.16255890788602,0.06586151117086514,0.0639201296220512,0.0019413815488139446,4-6-3
2025-08-29-12-20,2025-08-29,7,3-4-6,0.01269711310444523,78.75806033813326,0.06586151117086514,0.0639201296220512,0.0019413815488139446,4-6-3
2025-08-29-12-20,2025-08-29,8,1-4-6,0.010806172842294974,92.53970065017243,0.06586151117086514,0.0639201296220512,0.0019413815488139446,4-6-3
2025-08-29-12-20,2025-08-29,9,6-3-4,0.00752469438302876,132.89576281734523,0.06586151117086514,0.0639201296220512,0.0019413815488139446,4-6-3
2025-08-29-12-20,2025-08-29,10,6-1-4,0.0064541701992067435,154.9385853076676,0.06586151117086514,0.0639201296220512,0.0019413815488139446,4-6-3
2025-08-12-12-20,2025-08-12,1,1-3-2,0.959607667175385,1.042092549076343,0.2583736913791891,0.14614138829392126,0.11223230308526783,1-3-2
2025-08-12-12-20,2025-08-12,2,1-2-3,0.023170928434233233,43.15752831563617,0.2583736913791891,0.14614138829392126,0.11223230308526783,1-3-2
2025-08-12-12-20,2025-08-12,3,3-1-2,0.016503178984462647,60.59438614472256,0.2583736913791891,0.14614138829392126,0.11223230308526783,1-3-2
2025-08-12-12-20,2025-08-12,4,2-1-3,0.00039206513912083766,2550.5965724021994,0.2583736913791891,0.14614138829392126,0.11223230308526783,1-3-2
2025-08-12-12-20,2025-08-12,5,1-3-5,0.00021484750041138217,4654.464204076084,0.2583736913791891,0.14614138829392126,0.11223230308526783,1-3-2
2025-08-12-12-20,2025-08-12,6,1-3-4,8.531393586995335e-05,11721.414441883571,0.2583736913791891,0.14614138829392126,0.11223230308526783,1-3-2
2025-08-12-12-20,2025-08-12,7,3-2-1,6.694351858381973e-06,149379.65932398723,0.2583736913791891,0.14614138829392126,0.11223230308526783,1-3-2
2025-08-12-12-20,2025-08-12,8,2-3-1,6.586420092105393e-06,151827.54607447813,0.2583736913791891,0.14614138829392126,0.11223230308526783,1-3-2
2025-08-12-12-20,2025-08-12,9,1-5-3,5.065514299581942e-06,197413.32091048095,0.2583736913791891,0.14614138829392126,0.11223230308526783,1-3-2
2025-08-12-12-20,2025-08-12,10,3-1-5,3.694912905489969e-06,270642.37387413974,0.2583736913791891,0.14614138829392126,0.11223230308526783,1-3-2
2025-08-30-12-20,2025-08-30,1,1-3-5,0.49043072787804315,2.0390239500830645,0.0968203312688777,0.08716774673497361,0.00965258453390408,1-3-5
2025-08-30-12-20,2025-08-30,2,1-5-3,0.22027524109177,4.539774851878995,0.0968203312688777,0.08716774673497361,0.00965258453390408,1-3-5
2025-08-30-12-20,2025-08-30,3,3-1-5,0.17496089947516488,5.715562751447484,0.0968203312688777,0.08716774673497361,0.00965258453390408,1-3-5
2025-08-30-12-20,2025-08-30,4,5-1-3,0.06918965257964255,14.453028201708689,0.0968203312688777,0.08716774673497361,0.00965258453390408,1-3-5
2025-08-30-12-20,2025-08-30,5,3-5-1,0.02176841469300699,45.93811786952248,0.0968203312688777,0.08716774673497361,0.00965258453390408,1-3-5
2025-08-30-12-20,2025-08-30,6,5-3-1,0.0191663289301767,52.174832417987766,0.0968203312688777,0.08716774673497361,0.00965258453390408,1-3-5
2025-08-30-12-20,2025-08-30,7,1-3-6,0.001599480440244316,625.2030189548632,0.0968203312688777,0.08716774673497361,0.00965258453390408,1-3-5
2025-08-30-12-20,2025-08-30,8,3-1-6,0.0005706137903081565,1752.498830180666,0.0968203312688777,0.08716774673497361,0.00965258453390408,1-3-5
2025-08-30-12-20,2025-08-30,9,1-6-3,0.0004968076422425467,2012.8514840997343,0.0968203312688777,0.08716774673497361,0.00965258453390408,1-3-5
2025-08-30-12-20,2025-08-30,10,1-5-6,0.0003220122828497049,3105.4716023572837,0.0968203312688777,0.08716774673497361,0.00965258453390408,1-3-5
2025-08-31-04-20,2025-08-31,1,1-3-4,0.6448402428228556,1.5507717006345563,0.1531747999817584,0.13830872667490093,0.014866073306857464,1-3-4
2025-08-31-04-20,2025-08-31,2,3-1-4,0.2733298643554033,3.6585830178429664,0.1531747999817584,0.13830872667490093,0.014866073306857464,1-3-4
2025-08-31-04-20,2025-08-31,3,1-4-3,0.050579288519202265,19.770938446877384,0.1531747999817584,0.13830872667490093,0.014866073306857464,1-3-4
2025-08-31-04-20,2025-08-31,4,4-1-3,0.01573833158835816,63.539136558776825,0.1531747999817584,0.13830872667490093,0.014866073306857464,1-3-4
2025-08-31-04-20,2025-08-31,5,3-4-1,0.008694720339783295,115.0123248271058,0.1531747999817584,0.13830872667490093,0.014866073306857464,1-3-4
2025-08-31-04-20,2025-08-31,6,4-3-1,0.006382732446821817,156.6727116217968,0.1531747999817584,0.13830872667490093,0.014866073306857464,1-3-4
2025-08-31-04-20,2025-08-31,7,1-3-5,0.00024468501662534186,4086.886944659899,0.1531747999817584,0.13830872667490093,0.014866073306857464,1-3-4
2025-08-31-04-20,2025-08-31,8,3-1-5,0.00010371518085042476,9641.790061979193,0.1531747999817584,0.13830872667490093,0.014866073306857464,1-3-4
2025-08-31-04-20,2025-08-31,9,1-3-2,3.3852163951335954e-05,29540.20905244185,0.1531747999817584,0.13830872667490093,0.014866073306857464,1-3-4
2025-08-31-04-20,2025-08-31,10,1-5-3,1.7797493362757612e-05,56187.68776127562,0.1531747999817584,0.13830872667490093,0.014866073306857464,1-3-4
2025-08-29-09-20,2025-08-29,1,1-5-4,0.5316644061044143,1.8808857401742416,0.07395852403242756,0.06904217149250766,0.004916352539919899,1-5-4
2025-08-29-09-20,2025-08-29,2,1-4-5,0.2759059004981832,3.6244241177675898,0.07395852403242756,0.06904217149250766,0.004916352539919899,1-5-4
2025-08-29-09-20,2025-08-29,3,1-5-3,0.09390230367710634,10.649365998928129,0.07395852403242756,0.06904217149250766,0.004916352539919899,1-5-4
2025-08-29-09-20,2025-08-29,4,1-3-5,0.0358613402464221,27.885182012955312,0.07395852403242756,0.06904217149250766,0.004916352539919899,1-5-4
2025-08-29-09-20,2025-08-29,5,1-4-3,0.023163479132385614,43.171407640653925,0.07395852403242756,0.06904217149250766,0.004916352539919899,1-5-4
2025-08-29-09-20,2025-08-29,6,1-3-4,0.0170463208248284,58.663685277087744,0.07395852403242756,0.06904217149250766,0.004916352539919899,1-5-4
2025-08-29-09-20,2025-08-29,7,1-5-2,0.007477119391190784,133.7413444512009,0.07395852403242756,0.06904217149250766,0.004916352539919899,1-5-4
2025-08-29-09-20,2025-08-29,8,5-1-4,0.004618816498944868,216.50567850626717,0.07395852403242756,0.06904217149250766,0.004916352539919899,1-5-4
2025-08-29-09-20,2025-08-29,9,1-2-5,0.0027140146657715597,368.457846824388,0.07395852403242756,0.06904217149250766,0.004916352539919899,1-5-4
2025-08-29-09-20,2025-08-29,10,4-1-5,0.0023899669221615198,418.41583275788014,0.07395852403242756,0.06904217149250766,0.004916352539919899,1-5-4
2025-08-30-01-20,2025-08-30,1,2-1-5,0.6684349989661114,1.4960317780288739,0.07763152741739286,0.0640770377985519,0.013554489618840967,2-1-5
2025-08-30-01-20,2025-08-30,2,2-1-4,0.11631092927210027,8.597644316473293,0.07763152741739286,0.0640770377985519,0.013554489618840967,2-1-5
2025-08-30-01-20,2025-08-30,3,1-2-5,0.0981497662201697,10.188511277314696,0.07763152741739286,0.0640770377985519,0.013554489618840967,2-1-5
2025-08-30-01-20,2025-08-30,4,2-5-1,0.06968513204821702,14.350263400635777,0.07763152741739286,0.0640770377985519,0.013554489618840967,2-1-5
2025-08-30-01-20,2025-08-30,5,1-2-4,0.017078534987791837,58.553031668982435,0.07763152741739286,0.0640770377985519,0.013554489618840967,2-1-5
2025-08-30-01-20,2025-08-30,6,2-4-1,0.011299171612019179,88.50206318986056,0.07763152741739286,0.0640770377985519,0.013554489618840967,2-1-5
2025-08-30-01-20,2025-08-30,7,5-2-1,0.00912916195406966,109.53907982256938,0.07763152741739286,0.0640770377985519,0.013554489618840967,2-1-5
2025-08-30-01-20,2025-08-30,8,2-1-3,0.002246428514627721,445.15104464195264,0.07763152741739286,0.0640770377985519,0.013554489618840967,2-1-5
2025-08-30-01-20,2025-08-30,9,4-2-1,0.001467342462138227,681.5041653894411,0.07763152741739286,0.0640770377985519,0.013554489618840967,2-1-5
2025-08-30-01-20,2025-08-30,10,1-5-2,0.0013969245575060456,715.8582721069189,0.07763152741739286,0.0640770377985519,0.013554489618840967,2-1-5
2025-08-12-02-20,2025-08-12,1,4-5-1,0.9840768563978398,1.0161807926877235,0.22551233687746655,0.11053819418319123,0.11497414269427532,4-5-1
2025-08-12-02-20,2025-08-12,2,5-4-1,0.006600189538974339,151.51080042398277,0.22551233687746655,0.11053819418319123,0.11497414269427532,4-5-1
2025-08-12-02-20,2025-08-12,3,4-1-5,0.0058398267719894335,171.23795602918773,0.22551233687746655,0.11053819418319123,0.11497414269427532,4-5-1
2025-08-12-02-20,2025-08-12,4,4-5-2,0.0016916218298178773,591.1486730504428,0.22551233687746655,0.11053819418319123,0.11497414269427532,4-5-1
2025-08-12-02-20,2025-08-12,5,4-5-3,0.0015897650659046794,629.0237604579235,0.22551233687746655,0.11053819418319123,0.11497414269427532,4-5-1
2025-08-12-02-20,2025-08-12,6,4-5-6,0.0001190670605818391,8398.628429335113,0.22551233687746655,0.11053819418319123,0.11497414269427532,4-5-1
2025-08-12-02-20,2025-08-12,7,1-4-5,3.890974217722849e-05,25700.504399261717,0.22551233687746655,0.11053819418319123,0.11497414269427532,4-5-1
2025-08-12-02-20,2025-08-12,8,5-4-2,1.1345683655170544e-05,88139.24576015057,0.22551233687746655,0.11053819418319123,0.11497414269427532,4-5-1
2025-08-12-02-20,2025-08-12,9,5-4-3,1.0662531782140537e-05,93786.35585171,0.22551233687746655,0.11053819418319123,0.11497414269427532,4-5-1
2025-08-12-02-20,2025-08-12,10,4-2-5,9.979707531156314e-06,100203.33731003973,0.22551233687746655,0.11053819418319123,0.11497414269427532,4-5-1
2025-08-30-02-20,2025-08-30,1,1-4-3,0.6003914291804314,1.6655800722622858,0.0847002892797149,0.0733198998201814,0.0113803894595335,1-4-3
2025-08-30-02-20,2025-08-30,2,1-4-2,0.2918228740974203,3.426736177185913,0.0847002892797149,0.0733198998201814,0.0113803894595335,1-4-3
2025-08-30-02-20,2025-08-30,3,1-3-4,0.053521498941479825,18.68408059896446,0.0847002892797149,0.0733198998201814,0.0113803894595335,1-4-3
2025-08-30-02-20,2025-08-30,4,1-2-4,0.025251248851297984,39.602001702525584,0.0847002892797149,0.0733198998201814,0.0113803894595335,1-4-3
2025-08-30-02-20,2025-08-30,5,1-4-5,0.017805576467659814,56.162180529021086,0.0847002892797149,0.0733198998201814,0.0113803894595335,1-4-3
2025-08-30-02-20,2025-08-30,6,4-1-3,0.003689567687684388,271.03446383107575,0.0847002892797149,0.0733198998201814,0.0113803894595335,1-4-3
2025-08-30-02-20,2025-08-30,7,4-1-2,0.0017933304748650202,557.6217066602114,0.0847002892797149,0.0733198998201814,0.0113803894595335,1-4-3
2025-08-30-02-20,2025-08-30,8,1-3-2,0.0015775447635123483,633.8964339582574,0.0847002892797149,0.0733198998201814,0.0113803894595335,1-4-3
2025-08-30-02-20,2025-08-30,9,1-2-3,0.0015312688179114266,653.0531989568948,0.0847002892797149,0.0733198998201814,0.0113803894595335,1-4-3
2025-08-30-02-20,2025-08-30,10,1-5-4,0.0015015895724927513,665.9609378746051,0.0847002892797149,0.0733198998201814,0.0113803894595335,1-4-3
2025-08-12-03-20,2025-08-12,1,5-2-4,0.4207991410229843,2.376430706509877,0.05716049895520424,0.05677934757417806,0.00038115138102617907,5-2-4
2025-08-12-03-20,2025-08-12,2,2-5-4,0.391626758746163,2.553451667096529,0.05716049895520424,0.05677934757417806,0.00038115138102617907,5-2-4
2025-08-12-03-20,2025-08-12,3,5-2-1,0.050945136247797555,19.628959183384886,0.05716049895520424,0.05677934757417806,0.00038115138102617907,5-2-4
2025-08-12-03-20,2025-08-12,4,2-5-1,0.04741330634398052,21.09112561661622,0.05716049895520424,0.05677934757417806,0.00038115138102617907,5-2-4
2025-08-12-03-20,2025-08-12,5,5-2-6,0.017592763728026418,56.84155232568348,0.05716049895520424,0.05677934757417806,0.00038115138102617907,5-2-4
2025-08-12-03-20,2025-08-12,6,5-4-2,0.016435204807587953,60.84499777808129,0.05716049895520424,0.05677934757417806,0.00038115138102617907,5-2-4
2025-08-12-03-20,2025-08-12,7,2-5-6,0.01637312523843228,61.07569480093647,0.05716049895520424,0.05677934757417806,0.00038115138102617907,5-2-4
2025-08-12-03-20,2025-08-12,8,2-4-5,0.01420237576010001,70.41075499561055,0.05716049895520424,0.05677934757417806,0.00038115138102617907,5-2-4
2025-08-12-03-20,2025-08-12,9,4-5-2,0.008200242245385304,121.94761692104294,0.05716049895520424,0.05677934757417806,0.00038115138102617907,5-2-4
2025-08-12-03-20,2025-08-12,10,4-2-5,0.0076140381227489335,131.33635317798556,0.05716049895520424,0.05677934757417806,0.00038115138102617907,5-2-4
2025-08-12-07-20,2025-08-12,1,1-4-3,0.5312172037423605,1.8824691537757472,0.06385013271814778,0.05699091672243594,0.006859215995711841,1-4-3
2025-08-12-07-20,2025-08-12,2,4-1-3,0.1637032298602864,6.108614966567591,0.06385013271814778,0.05699091672243594,0.006859215995711841,1-4-3
2025-08-12-07-20,2025-08-12,3,1-3-4,0.12627437493915206,7.919263116383438,0.06385013271814778,0.05699091672243594,0.006859215995711841,1-4-3
2025-08-12-07-20,2025-08-12,4,1-4-2,0.0683186936072834,14.637282231248502,0.06385013271814778,0.05699091672243594,0.006859215995711841,1-4-3
2025-08-12-07-20,2025-08-12,5,3-1-4,0.03258149995448021,30.692264057735382,0.06385013271814778,0.05699091672243594,0.006859215995711841,1-4-3
2025-08-12-07-20,2025-08-12,6,4-1-2,0.02105351770341348,47.49800076582292,0.06385013271814778,0.05699091672243594,0.006859215995711841,1-4-3
2025-08-12-07-20,2025-08-12,7,1-2-4,0.0137404422145746,72.77786146790034,0.06385013271814778,0.05699091672243594,0.006859215995711841,1-4-3
2025-08-12-07-20,2025-08-12,8,4-3-1,0.010478517942658415,95.43334329074963,0.06385013271814778,0.05699091672243594,0.006859215995711841,1-4-3
2025-08-12-07-20,2025-08-12,9,3-4-1,0.008773453756600824,113.9801984193097,0.06385013271814778,0.05699091672243594,0.006859215995711841,1-4-3
2025-08-12-07-20,2025-08-12,10,1-4-5,0.0053707113889270245,186.19507316325607,0.06385013271814778,0.05699091672243594,0.006859215995711841,1-4-3
2025-08-12-08-20,2025-08-12,1,1-3-5,0.9321633003216178,1.0727734074651696,0.15732904782200596,0.09598478986114088,0.06134425796086508,1-3-5
2025-08-12-08-20,2025-08-12,2,1-3-6,0.043383800069152344,23.050078564026965,0.15732904782200596,0.09598478986114088,0.06134425796086508,1-3-5
2025-08-12-08-20,2025-08-12,3,1-5-3,0.015132992477041233,66.08078352758936,0.15732904782200596,0.09598478986114088,0.06134425796086508,1-3-5
2025-08-12-08-20,2025-08-12,4,3-1-5,0.004806605504809611,208.04703007129973,0.15732904782200596,0.09598478986114088,0.06134425796086508,1-3-5
2025-08-12-08-20,2025-08-12,5,1-3-2,0.0032738031662889835,305.45513862812624,0.15732904782200596,0.09598478986114088,0.06134425796086508,1-3-5
2025-08-12-08-20,2025-08-12,6,1-6-3,0.000694074631925197,1440.767251824547,0.15732904782200596,0.09598478986114088,0.06134425796086508,1-3-5
2025-08-12-08-20,2025-08-12,7,3-1-6,0.00022370416445273057,4470.189468517039,0.15732904782200596,0.09598478986114088,0.06134425796086508,1-3-5
2025-08-12-08-20,2025-08-12,8,1-3-4,0.00014360897262683474,6963.353206338169,0.15732904782200596,0.09598478986114088,0.06134425796086508,1-3-5
2025-08-12-08-20,2025-08-12,9,5-1-3,7.764387326291822e-05,12879.316267669865,0.15732904782200596,0.09598478986114088,0.06134425796086508,1-3-5
2025-08-12-08-20,2025-08-12,10,1-2-3,5.2341548221750696e-05,19105.28125311446,0.15732904782200596,0.09598478986114088,0.06134425796086508,1-3-5
2025-08-15-10-20,2025-08-15,1,1-2-5,0.5902756131229406,1.6941238597158905,0.1378434381480731,0.131769082594519,0.006074355553554095,1-2-5
2025-08-15-10-20,2025-08-15,2,1-5-2,0.3980925716938904,2.5119785474644343,0.1378434381480731,0.131769082594519,0.006074355553554095,1-2-5
2025-08-15-10-20,2025-08-15,3,1-2-4,0.0035995785089984167,277.81030403980554,0.1378434381480731,0.131769082594519,0.006074355553554095,1-2-5
2025-08-15-10-20,2025-08-15,4,1-5-4,0.0016325333764643296,612.5449037775613,0.1378434381480731,0.131769082594519,0.006074355553554095,1-2-5
2025-08-15-10-20,2025-08-15,5,1-2-3,0.001600421292728443,624.83547584847,0.1378434381480731,0.131769082594519,0.006074355553554095,1-2-5
2025-08-15-10-20,2025-08-15,6,1-4-2,0.0014585278222996228,685.6228484029369,0.1378434381480731,0.131769082594519,0.006074355553554095,1-2-5
2025-08-15-10-20,2025-08-15,7,1-4-5,0.0009808348851006678,1019.5395934529441,0.1378434381480731,0.131769082594519,0.006074355553554095,1-2-5
2025-08-15-10-20,2025-08-15,8,1-5-3,0.0007258464206995079,1377.7019097735395,0.1378434381480731,0.131769082594519,0.006074355553554095,1-2-5
2025-08-15-10-20,2025-08-15,9,1-3-2,0.0006476002700265406,1544.162419757819,0.1378434381480731,0.131769082594519,0.006074355553554095,1-2-5
2025-08-15-10-20,2025-08-15,10,1-3-5,0.0004355000478778373,2296.21099899514,0.1378434381480731,0.131769082594519,0.006074355553554095,1-2-5
2025-08-16-01-20,2025-08-16,1,2-1-5,0.42462727876343104,2.3550064963139627,0.05274826669440196,0.049420070709436055,0.0033281959849659065,2-1-5
2025-08-16-01-20,2025-08-16,2,2-1-3,0.3065375882880686,3.2622426684594723,0.05274826669440196,0.049420070709436055,0.0033281959849659065,2-1-5
2025-08-16-01-20,2025-08-16,3,2-1-6,0.14181954938790825,7.051214055579713,0.05274826669440196,0.049420070709436055,0.0033281959849659065,2-1-5
2025-08-16-01-20,2025-08-16,4,2-1-4,0.04933513667039381,20.26952933526793,0.05274826669440196,0.049420070709436055,0.0033281959849659065,2-1-5
2025-08-16-01-20,2025-08-16,5,1-2-5,0.024570796698888314,40.69872101645138,0.05274826669440196,0.049420070709436055,0.0033281959849659065,2-1-5
2025-08-16-01-20,2025-08-16,6,1-2-3,0.017737609284847262,56.37738344221347,0.05274826669440196,0.049420070709436055,0.0033281959849659065,2-1-5
2025-08-16-01-20,2025-08-16,7,2-5-1,0.01040741083727367,96.08537758676206,0.05274826669440196,0.049420070709436055,0.0033281959849659065,2-1-5
2025-08-16-01-20,2025-08-16,8,1-2-6,0.008206301126215681,121.85758048841524,0.05274826669440196,0.049420070709436055,0.0033281959849659065,2-1-5
2025-08-16-01-20,2025-08-16,9,2-3-1,0.007489586196664432,133.5187250325473,0.05274826669440196,0.049420070709436055,0.0033281959849659065,2-1-5
2025-08-16-01-20,2025-08-16,10,2-6-1,0.003450001403979086,289.8549545071611,0.05274826669440196,0.049420070709436055,0.0033281959849659065,2-1-5
2025-08-29-04-20,2025-08-29,1,1-3-5,0.5296509420865805,1.888035912974045,0.08778869937421384,0.08418729964141153,0.00360139973280231,1-3-5
2025-08-29-04-20,2025-08-29,2,3-1-5,0.3541848428883065,2.8233845125759767,0.08778869937421384,0.08418729964141153,0.00360139973280231,1-3-5
2025-08-29-04-20,2025-08-29,3,1-3-2,0.03496630537680398,28.598960891744145,0.08778869937421384,0.08418729964141153,0.00360139973280231,1-3-5
2025-08-29-04-20,2025-08-29,4,1-5-3,0.023594154728624767,42.38337891320114,0.08778869937421384,0.08418729964141153,0.00360139973280231,1-3-5
2025-08-29-04-20,2025-08-29,5,3-1-2,0.023382447555891254,42.767122543937795,0.08778869937421384,0.08418729964141153,0.00360139973280231,1-3-5
2025-08-29-04-20,2025-08-29,6,3-5-1,0.01040730315144219,96.08637179569668,0.08778869937421384,0.08418729964141153,0.00360139973280231,1-3-5
2025-08-29-04-20,2025-08-29,7,5-1-3,0.00977919856392262,102.2578684197288,0.08778869937421384,0.08418729964141153,0.00360139973280231,1-3-5
2025-08-29-04-20,2025-08-29,8,5-3-1,0.006450551154881515,155.02551270262242,0.08778869937421384,0.08418729964141153,0.00360139973280231,1-3-5
2025-08-29-04-20,2025-08-29,9,1-3-4,0.002329277384694214,429.3176959391118,0.08778869937421384,0.08418729964141153,0.00360139973280231,1-3-5
2025-08-29-04-20,2025-08-29,10,3-1-4,0.0015576197057086442,642.0052316589348,0.08778869937421384,0.08418729964141153,0.00360139973280231,1-3-5
2025-08-16-06-20,2025-08-16,1,1-3-6,0.7202943547733558,1.3883213069393763,0.1521490484799024,0.12379794051113623,0.02835110796876618,1-3-6
2025-08-16-06-20,2025-08-16,2,1-3-2,0.2568803634292935,3.892862757784328,0.1521490484799024,0.12379794051113623,0.02835110796876618,1-3-6
2025-08-16-06-20,2025-08-16,3,1-6-3,0.01056677729334927,94.63623318998121,0.1521490484799024,0.12379794051113623,0.02835110796876618,1-3-6
2025-08-16-06-20,2025-08-16,4,1-3-4,0.006565605760524733,152.30887087562178,0.1521490484799024,0.12379794051113623,0.02835110796876618,1-3-6
2025-08-16-06-20,2025-08-16,5,1-2-3,0.0037425921314460263,267.19449111160014,0.1521490484799024,0.12379794051113623,0.02835110796876618,1-3-6
2025-08-16-06-20,2025-08-16,6,3-1-6,0.0012779666726709634,782.4930190941442,0.1521490484799024,0.12379794051113623,0.02835110796876618,1-3-6
2025-08-16-06-20,2025-08-16,7,3-1-2,0.00045576442623868464,2194.1159564662867,0.1521490484799024,0.12379794051113623,0.02835110796876618,1-3-6
2025-08-16-06-20,2025-08-16,8,1-4-3,9.53036095417863e-05,10492.782013272492,0.1521490484799024,0.12379794051113623,0.02835110796876618,1-3-6
2025-08-16-06-20,2025-08-16,9,1-6-2,4.063825506741488e-05,24607.355762226947,0.1521490484799024,0.12379794051113623,0.02835110796876618,1-3-6
2025-08-16-06-20,2025-08-16,10,1-2-6,4.035934429948159e-05,24777.409478697722,0.1521490484799024,0.12379794051113623,0.02835110796876618,1-3-6
2025-08-30-05-20,2025-08-30,1,2-4-1,0.45249270407475467,2.2099803842026007,0.06544058865818882,0.061698434756002576,0.0037421539021862404,2-4-1
2025-08-30-05-20,2025-08-30,2,4-2-1,0.25229079444247615,3.963680094669511,0.06544058865818882,0.061698434756002576,0.0037421539021862404,2-4-1
2025-08-30-05-20,2025-08-30,3,2-4-3,0.09185967648222684,10.886169408548719,0.06544058865818882,0.061698434756002576,0.0037421539021862404,2-4-1
2025-08-30-05-20,2025-08-30,4,2-4-5,0.08518291525995966,11.739443255120094,0.06544058865818882,0.061698434756002576,0.0037421539021862404,2-4-1
2025-08-30-05-20,2025-08-30,5,4-2-3,0.051217070569829874,19.524740264802727,0.06544058865818882,0.061698434756002576,0.0037421539021862404,2-4-1
2025-08-30-05-20,2025-08-30,6,4-2-5,0.04749439089367267,21.05511790305374,0.06544058865818882,0.061698434756002576,0.0037421539021862404,2-4-1
2025-08-30-05-20,2025-08-30,7,2-1-4,0.007415464870565687,134.85331229459592,0.06544058865818882,0.061698434756002576,0.0037421539021862404,2-4-1
2025-08-30-05-20,2025-08-30,8,1-2-4,0.002681227535197626,372.96349782798006,0.06544058865818882,0.061698434756002576,0.0037421539021862404,2-4-1
2025-08-30-05-20,2025-08-30,9,4-1-2,0.0022932989315700876,436.05305275896086,0.06544058865818882,0.061698434756002576,0.0037421539021862404,2-4-1
2025-08-30-05-20,2025-08-30,10,2-3-4,0.0014913990282800166,670.5113661990704,0.06544058865818882,0.061698434756002576,0.0037421539021862404,2-4-1
2025-08-29-01-20,2025-08-29,1,1-4-3,0.45127286033337677,2.215954221712452,0.07411786047022374,0.06939578051119273,0.004722079959031011,1-4-3
2025-08-29-01-20,2025-08-29,2,1-4-6,0.32470589128566674,3.0797100602040794,0.07411786047022374,0.06939578051119273,0.004722079959031011,1-4-3
2025-08-29-01-20,2025-08-29,3,1-3-4,0.10955935676298961,9.127472354217137,0.07411786047022374,0.06939578051119273,0.004722079959031011,1-4-3
2025-08-29-01-20,2025-08-29,4,1-6-4,0.07585781525554439,13.182557349315578,0.07411786047022374,0.06939578051119273,0.004722079959031011,1-4-3
2025-08-29-01-20,2025-08-29,5,1-3-6,0.012284001309365473,81.40669923549973,0.07411786047022374,0.06939578051119273,0.004722079959031011,1-4-3
2025-08-29-01-20,2025-08-29,6,1-6-3,0.011820606449184168,84.59802839210654,0.07411786047022374,0.06939578051119273,0.004722079959031011,1-4-3
2025-08-29-01-20,2025-08-29,7,1-4-2,0.007693894003604261,129.97319686644275,0.07411786047022374,0.06939578051119273,0.004722079959031011,1-4-3
2025-08-29-01-20,2025-08-29,8,4-1-3,0.0018230740775626642,548.5240629042004,0.07411786047022374,0.06939578051119273,0.004722079959031011,1-4-3
2025-08-29-01-20,2025-08-29,9,1-2-4,0.0016422762731934841,608.9109465458284,0.07411786047022374,0.06939578051119273,0.004722079959031011,1-4-3
2025-08-29-01-20,2025-08-29,10,4-1-6,0.0013117626723607274,762.3330203476057,0.07411786047022374,0.06939578051119273,0.004722079959031011,1-4-3
2025-08-09-03-20,2025-08-09,1,5-3-2,0.6873986006654714,1.454760017014726,0.15826178266449598,0.1340196774648852,0.024242105199610786,5-3-2
2025-08-09-03-20,2025-08-09,2,5-3-4,0.2993444559765062,3.340633106893031,0.15826178266449598,0.1340196774648852,0.024242105199610786,5-3-2
2025-08-09-03-20,2025-08-09,3,3-5-2,0.006800197617688982,147.05454991466053,0.15826178266449598,0.1340196774648852,0.024242105199610786,5-3-2
2025-08-09-03-20,2025-08-09,4,3-5-4,0.0029613116093474344,337.6882043900688,0.15826178266449598,0.1340196774648852,0.024242105199610786,5-3-2
2025-08-09-03-20,2025-08-09,5,5-2-3,0.0012974656843598676,770.733293415287,0.15826178266449598,0.1340196774648852,0.024242105199610786,5-3-2
2025-08-09-03-20,2025-08-09,6,5-3-6,0.0010249283082592567,975.6779981015501,0.15826178266449598,0.1340196774648852,0.024242105199610786,5-3-2
2025-08-09-03-20,2025-08-09,7,5-3-1,0.0005695235454694259,1755.853656894478,0.15826178266449598,0.1340196774648852,0.024242105199610786,5-3-2
2025-08-09-03-20,2025-08-09,8,5-4-3,0.0005645946015611896,1771.1823620609346,0.15826178266449598,0.1340196774648852,0.024242105199610786,5-3-2
2025-08-09-03-20,2025-08-09,9,2-5-3,1.2710046916774595e-05,78677.91571093336,0.15826178266449598,0.1340196774648852,0.024242105199610786,5-3-2
2025-08-09-03-20,2025-08-09,10,3-5-6,1.0139262770362356e-05,98626.50003736535,0.15826178266449598,0.1340196774648852,0.024242105199610786,5-3-2
2025-08-30-09-20,2025-08-30,1,1-5-2,0.6730065994329143,1.48586953061473,0.1253860728763947,0.10188873321594333,0.023497339660451366,1-5-2
2025-08-30-09-20,2025-08-30,2,1-5-3,0.23845346324800712,4.193690401384252,0.1253860728763947,0.10188873321594333,0.023497339660451366,1-5-2
2025-08-30-09-20,2025-08-30,3,1-2-5,0.05454995940704198,18.331819324340465,0.1253860728763947,0.10188873321594333,0.023497339660451366,1-5-2
2025-08-30-09-20,2025-08-30,4,1-3-5,0.01860853564754104,53.73877982344847,0.1253860728763947,0.10188873321594333,0.023497339660451366,1-5-2
2025-08-30-09-20,2025-08-30,5,5-1-2,0.00889345059202857,112.44229555807348,0.1253860728763947,0.10188873321594333,0.023497339660451366,1-5-2
2025-08-30-09-20,2025-08-30,6,5-1-3,0.00315104502048147,317.3550341236327,0.1253860728763947,0.10188873321594333,0.023497339660451366,1-5-2
2025-08-30-09-20,2025-08-30,7,1-2-3,0.0011817922068722844,846.1724440090757,0.1253860728763947,0.10188873321594333,0.023497339660451366,1-5-2
2025-08-30-09-20,2025-08-30,8,1-3-2,0.001137822656481016,878.8715836374142,0.1253860728763947,0.10188873321594333,0.023497339660451366,1-5-2
2025-08-30-09-20,2025-08-30,9,2-1-5,0.0007126851090949477,1403.1442319174016,0.1253860728763947,0.10188873321594333,0.023497339660451366,1-5-2
2025-08-30-09-20,2025-08-30,10,3-1-5,0.00024300131270842652,4115.204106736182,0.1253860728763947,0.10188873321594333,0.023497339660451366,1-5-2
2025-08-16-02-20,2025-08-16,1,3-2-1,0.7089722291986961,1.4104924830839047,0.1038135955058983,0.08874742167974027,0.015066173826158033,3-2-1
2025-08-16-02-20,2025-08-16,2,2-3-1,0.16443456913155052,6.081446287611108,0.1038135955058983,0.08874742167974027,0.015066173826158033,3-2-1
2025-08-16-02-20,2025-08-16,3,3-1-2,0.07608194289008717,13.143723228055096,0.1038135955058983,0.08874742167974027,0.015066173826158033,3-2-1
2025-08-16-02-20,2025-08-16,4,3-2-4,0.020359090719968324,49.118107176525015,0.1038135955058983,0.08874742167974027,0.015066173826158033,3-2-1
2025-08-16-02-20,2025-08-16,5,1-3-2,0.014859830217458752,67.29551989262329,0.1038135955058983,0.08874742167974027,0.015066173826158033,3-2-1
2025-08-16-02-20,2025-08-16,6,2-3-4,0.004721959722219113,211.77647816319026,0.1038135955058983,0.08874742167974027,0.015066173826158033,3-2-1
2025-08-16-02-20,2025-08-16,7,2-1-3,0.003789236428076447,263.9054118108001,0.1038135955058983,0.08874742167974027,0.015066173826158033,3-2-1
2025-08-16-02-20,2025-08-16,8,1-2-3,0.003190950416923454,313.3862546708411,0.1038135955058983,0.08874742167974027,0.015066173826158033,3-2-1
2025-08-16-02-20,2025-08-16,9,3-4-2,0.0019838809525458095,504.06250370857833,0.1038135955058983,0.08874742167974027,0.015066173826158033,3-2-1
2025-08-16-02-20,2025-08-16,10,4-3-2,0.00038066019461593096,2627.014891874773,0.1038135955058983,0.08874742167974027,0.015066173826158033,3-2-1
2025-08-29-06-20,2025-08-29,1,1-3-2,0.6723126961651549,1.487403117186334,0.09674793392910863,0.08121350194828017,0.015534431980828461,1-3-2
2025-08-29-06-20,2025-08-29,2,1-2-3,0.16125617652327895,6.2013128523833005,0.09674793392910863,0.08121350194828017,0.015534431980828461,1-3-2
2025-08-29-06-20,2025-08-29,3,3-1-2,0.11965744879337965,8.357189711831191,0.09674793392910863,0.08121350194828017,0.015534431980828461,1-3-2
2025-08-29-06-20,2025-08-29,4,2-1-3,0.02587056638403368,38.6539662547613,0.09674793392910863,0.08121350194828017,0.015534431980828461,1-3-2
2025-08-29-06-20,2025-08-29,5,1-3-5,0.004965482805678211,201.39028552399043,0.09674793392910863,0.08121350194828017,0.015534431980828461,1-3-2
2025-08-29-06-20,2025-08-29,6,3-2-1,0.004275369492628469,233.89791261882414,0.09674793392910863,0.08121350194828017,0.015534431980828461,1-3-2
2025-08-29-06-20,2025-08-29,7,2-3-1,0.0038538499930899014,259.48077942655726,0.09674793392910863,0.08121350194828017,0.015534431980828461,1-3-2
2025-08-29-06-20,2025-08-29,8,1-3-4,0.0033445216976267975,298.99641575343315,0.09674793392910863,0.08121350194828017,0.015534431980828461,1-3-2
2025-08-29-06-20,2025-08-29,9,1-5-3,0.0009642245077612721,1037.1028655160312,0.09674793392910863,0.08121350194828017,0.015534431980828461,1-3-2
2025-08-29-06-20,2025-08-29,10,3-1-5,0.0008837509806729751,1131.5404699619132,0.09674793392910863,0.08121350194828017,0.015534431980828461,1-3-2
2025-08-30-07-20,2025-08-30,1,1-5-3,0.8735179352675044,1.1447961852022672,0.16291924596567023,0.11907960305223544,0.043839642913434784,1-5-3
2025-08-30-07-20,2025-08-30,2,1-3-5,0.09126075424323117,10.957612703208293,0.16291924596567023,0.11907960305223544,0.043839642913434784,1-5-3
2025-08-30-07-20,2025-08-30,3,5-1-3,0.029013167753620832,34.46710846922947,0.16291924596567023,0.11907960305223544,0.043839642913434784,1-5-3
2025-08-30-07-20,2025-08-30,4,3-1-5,0.002951637513778523,338.7949893345322,0.16291924596567023,0.11907960305223544,0.043839642913434784,1-5-3
2025-08-30-07-20,2025-08-30,5,1-5-2,0.0020526716373289087,487.16997975442166,0.16291924596567023,0.11907960305223544,0.043839642913434784,1-5-3
2025-08-30-07-20,2025-08-30,6,1-5-4,0.0006161463101037383,1622.991136361157,0.16291924596567023,0.11907960305223544,0.043839642913434784,1-5-3
2025-08-30-07-20,2025-08-30,7,1-2-5,0.0001942662075832242,5147.575651167212,0.16291924596567023,0.11907960305223544,0.043839642913434784,1-5-3
2025-08-30-07-20,2025-08-30,8,5-3-1,9.146665863718706e-05,10932.945566171977,0.16291924596567023,0.11907960305223544,0.043839642913434784,1-5-3
2025-08-30-07-20,2025-08-30,9,3-5-1,8.906733525136838e-05,11227.460630519274,0.16291924596567023,0.11907960305223544,0.043839642913434784,1-5-3
2025-08-30-07-20,2025-08-30,10,5-1-2,6.817777191796905e-05,14667.537114636014,0.16291924596567023,0.11907960305223544,0.043839642913434784,1-5-3
2025-08-16-04-20,2025-08-16,1,1-3-2,0.7317696483648691,1.3665502555817783,0.10317309099067402,0.08495818567795253,0.01821490531272149,1-3-2
2025-08-16-04-20,2025-08-16,2,1-2-3,0.14484928865952393,6.903727379362932,0.10317309099067402,0.08495818567795253,0.01821490531272149,1-3-2
2025-08-16-04-20,2025-08-16,3,1-3-4,0.06426221948917517,15.561242794741128,0.10317309099067402,0.08495818567795253,0.01821490531272149,1-3-2
2025-08-16-04-20,2025-08-16,4,3-1-2,0.03315824073889069,30.15841545619513,0.10317309099067402,0.08495818567795253,0.01821490531272149,1-3-2
2025-08-16-04-20,2025-08-16,5,1-4-3,0.010909776436328735,91.66090669558317,0.10317309099067402,0.08495818567795253,0.01821490531272149,1-3-2
2025-08-16-04-20,2025-08-16,6,2-1-3,0.006367670473124085,157.0433024479961,0.10317309099067402,0.08495818567795253,0.01821490531272149,1-3-2
2025-08-16-04-20,2025-08-16,7,3-1-4,0.002911875545807074,343.4212706789409,0.10317309099067402,0.08495818567795253,0.01821490531272149,1-3-2
2025-08-16-04-20,2025-08-16,8,1-2-4,0.002351889172877758,425.1901031443611,0.10317309099067402,0.08495818567795253,0.01821490531272149,1-3-2
2025-08-16-04-20,2025-08-16,9,1-4-2,0.002017135200763152,495.75258992142193,0.10317309099067402,0.08495818567795253,0.01821490531272149,1-3-2
2025-08-16-04-20,2025-08-16,10,4-1-3,0.0004766587976882145,2097.936731368391,0.10317309099067402,0.08495818567795253,0.01821490531272149,1-3-2
2025-08-09-11-20,2025-08-09,1,1-2-5,0.4265729740649126,2.344264781874877,0.07200390125377003,0.06715192606706527,0.004851975186704757,1-2-5
2025-08-09-11-20,2025-08-09,2,2-1-5,0.22015537678775784,4.542246546919706,0.07200390125377003,0.06715192606706527,0.004851975186704757,1-2-5
2025-08-09-11-20,2025-08-09,3,1-5-2,0.14443066603002333,6.923737371619724,0.07200390125377003,0.06715192606706527,0.004851975186704757,1-2-5
2025-08-09-11-20,2025-08-09,4,5-1-2,0.05913888909216583,16.909347053197703,0.07200390125377003,0.06715192606706527,0.004851975186704757,1-2-5
2025-08-09-11-20,2025-08-09,5,1-2-6,0.03826965960080535,26.13036045867928,0.07200390125377003,0.06715192606706527,0.004851975186704757,1-2-5
2025-08-09-11-20,2025-08-09,6,2-5-1,0.03344280220938407,29.901800505204054,0.07200390125377003,0.06715192606706527,0.004851975186704757,1-2-5
2025-08-09-11-20,2025-08-09,7,5-2-1,0.026532639041648473,37.6894284217372,0.07200390125377003,0.06715192606706527,0.004851975186704757,1-2-5
2025-08-09-11-20,2025-08-09,8,2-1-6,0.01975106685420826,50.630176454844765,0.07200390125377003,0.06715192606706527,0.004851975186704757,1-2-5
2025-08-09-11-20,2025-08-09,9,1-6-2,0.010100742186517605,99.00262589958909,0.07200390125377003,0.06715192606706527,0.004851975186704757,1-2-5
2025-08-09-11-20,2025-08-09,10,1-5-6,0.0041413583336668966,241.46666852529196,0.07200390125377003,0.06715192606706527,0.004851975186704757,1-2-5
2025-08-29-02-20,2025-08-29,1,1-5-3,0.9266638237242574,1.0791400013664123,0.26987420938800527,0.17350252698283897,0.0963716824051663,1-5-3
2025-08-29-02-20,2025-08-29,2,1-3-5,0.06414755679548086,15.589058258107332,0.26987420938800527,0.17350252698283897,0.0963716824051663,1-5-3
2025-08-29-02-20,2025-08-29,3,5-1-3,0.008303351857191776,120.43329214501138,0.26987420938800527,0.17350252698283897,0.0963716824051663,1-5-3
2025-08-29-02-20,2025-08-29,4,3-1-5,0.000570343941366493,1753.3279964438468,0.26987420938800527,0.17350252698283897,0.0963716824051663,1-5-3
2025-08-29-02-20,2025-08-29,5,1-5-6,0.0002815421364094319,3551.866206434381,0.26987420938800527,0.17350252698283897,0.0963716824051663,1-5-3
2025-08-29-02-20,2025-08-29,6,1-6-5,1.8228445009163646e-05,54859.31463146136,0.26987420938800527,0.17350252698283897,0.0963716824051663,1-5-3
2025-08-29-02-20,2025-08-29,7,5-3-1,4.819858634271582e-06,207474.9646990691,0.26987420938800527,0.17350252698283897,0.0963716824051663,1-5-3
2025-08-29-02-20,2025-08-29,8,3-5-1,4.782552876322862e-06,209093.3494851112,0.26987420938800527,0.17350252698283897,0.0963716824051663,1-5-3
2025-08-29-02-20,2025-08-29,9,5-1-6,2.5227524387836976e-06,396392.44209080347,0.26987420938800527,0.17350252698283897,0.0963716824051663,1-5-3
2025-08-29-02-20,2025-08-29,10,1-3-6,1.3487651451088192e-06,741418.9220609785,0.26987420938800527,0.17350252698283897,0.0963716824051663,1-5-3
2025-08-29-11-20,2025-08-29,1,2-1-3,0.368816743209196,2.711373652125092,0.049196034524905945,0.04395083969512163,0.005245194829784312,2-1-3
2025-08-29-11-20,2025-08-29,2,2-1-4,0.20989206705659216,4.764353479497512,0.049196034524905945,0.04395083969512163,0.005245194829784312,2-1-3
2025-08-29-11-20,2025-08-29,3,2-1-5,0.14889838922148885,6.715989375227446,0.049196034524905945,0.04395083969512163,0.005245194829784312,2-1-3
2025-08-29-11-20,2025-08-29,4,2-3-1,0.09916549475303064,10.084152784095684,0.049196034524905945,0.04395083969512163,0.005245194829784312,2-1-3
2025-08-29-11-20,2025-08-29,5,2-4-1,0.053304224983091966,18.760238992635177,0.049196034524905945,0.04395083969512163,0.005245194829784312,2-1-3
2025-08-29-11-20,2025-08-29,6,2-5-1,0.03702601672843206,27.008036196129787,0.049196034524905945,0.04395083969512163,0.005245194829784312,2-1-3
2025-08-29-11-20,2025-08-29,7,1-2-3,0.017921772231477933,55.7980531771067,0.049196034524905945,0.04395083969512163,0.005245194829784312,2-1-3
2025-08-29-11-20,2025-08-29,8,1-2-4,0.010199205671226005,98.04685112108285,0.049196034524905945,0.04395083969512163,0.005245194829784312,2-1-3
2025-08-29-11-20,2025-08-29,9,2-3-4,0.008867118673170341,112.77620576182737,0.049196034524905945,0.04395083969512163,0.005245194829784312,2-1-3
2025-08-29-11-20,2025-08-29,10,2-4-3,0.008375257629645175,119.39931214299445,0.049196034524905945,0.04395083969512163,0.005245194829784312,2-1-3
2025-08-09-10-20,2025-08-09,1,1-3-2,0.5075778701852451,1.9701410536969253,0.07600166443919576,0.06510848013088741,0.010893184308308351,1-3-2
2025-08-09-10-20,2025-08-09,2,1-3-4,0.15639307864306837,6.39414486035071,0.07600166443919576,0.06510848013088741,0.010893184308308351,1-3-2
2025-08-09-10-20,2025-08-09,3,1-2-3,0.11032222411295349,9.064356778885724,0.07600166443919576,0.06510848013088741,0.010893184308308351,1-3-2
2025-08-09-10-20,2025-08-09,4,3-1-2,0.10977077492031014,9.109892871995903,0.07600166443919576,0.06510848013088741,0.010893184308308351,1-3-2
2025-08-09-10-20,2025-08-09,5,3-1-4,0.033822178710346894,29.566398089372036,0.07600166443919576,0.06510848013088741,0.010893184308308351,1-3-2
2025-08-09-10-20,2025-08-09,6,1-4-3,0.030487357322077493,32.80048150568457,0.07600166443919576,0.06510848013088741,0.010893184308308351,1-3-2
2025-08-09-10-20,2025-08-09,7,2-1-3,0.020834699838841796,47.99685177780752,0.07600166443919576,0.06510848013088741,0.010893184308308351,1-3-2
2025-08-09-10-20,2025-08-09,8,1-2-4,0.00595257743669056,167.99445460989543,0.07600166443919576,0.06510848013088741,0.010893184308308351,1-3-2
2025-08-09-10-20,2025-08-09,9,4-1-3,0.0056524039760456534,176.9158758358221,0.07600166443919576,0.06510848013088741,0.010893184308308351,1-3-2
2025-08-09-10-20,2025-08-09,10,1-4-2,0.0053388408664789165,187.3065755300405,0.07600166443919576,0.06510848013088741,0.010893184308308351,1-3-2
2025-08-29-03-20,2025-08-29,1,6-5-3,0.4726997643697481,2.1155077183787108,0.06195653264239473,0.05852136739453792,0.0034351652478568084,6-5-3
2025-08-29-03-20,2025-08-29,2,6-3-5,0.2805313371183428,3.5646641486549773,0.06195653264239473,0.05852136739453792,0.0034351652478568084,6-5-3
2025-08-29-03-20,2025-08-29,3,6-5-1,0.08201341924368757,12.19312655443235,0.06195653264239473,0.05852136739453792,0.0034351652478568084,6-5-3
2025-08-29-03-20,2025-08-29,4,5-6-3,0.034632496033417066,28.874615304513284,0.06195653264239473,0.05852136739453792,0.0034351652478568084,6-5-3
2025-08-29-03-20,2025-08-29,5,6-1-5,0.03445302916290319,29.025024048588907,0.06195653264239473,0.05852136739453792,0.0034351652478568084,6-5-3
2025-08-29-03-20,2025-08-29,6,6-3-1,0.02682952086272206,37.272376391538074,0.06195653264239473,0.05852136739453792,0.0034351652478568084,6-5-3
2025-08-29-03-20,2025-08-29,7,3-6-5,0.020152875672993825,49.62071002800189,0.06195653264239473,0.05852136739453792,0.0034351652478568084,6-5-3
2025-08-29-03-20,2025-08-29,8,6-1-3,0.018991506397201985,52.65511745541838,0.06195653264239473,0.05852136739453792,0.0034351652478568084,6-5-3
2025-08-29-03-20,2025-08-29,9,6-5-2,0.007081442924666066,141.21415799551278,0.06195653264239473,0.05852136739453792,0.0034351652478568084,6-5-3
2025-08-29-03-20,2025-08-29,10,5-6-1,0.006008738803648443,166.42427515617928,0.06195653264239473,0.05852136739453792,0.0034351652478568084,6-5-3
2025-08-17-07-20,2025-08-17,1,1-5-6,0.48952090719427294,2.042813668024064,0.1251735068519186,0.12467404223358018,0.0004994646183384271,1-5-6
2025-08-17-07-20,2025-08-17,2,1-5-3,0.4798321573542141,2.084062071858589,0.1251735068519186,0.12467404223358018,0.0004994646183384271,1-5-6
2025-08-17-07-20,2025-08-17,3,5-1-6,0.010686704020748053,93.57422064450527,0.1251735068519186,0.12467404223358018,0.0004994646183384271,1-5-6
2025-08-17-07-20,2025-08-17,4,5-1-3,0.010475189455486209,95.4636671966125,0.1251735068519186,0.12467404223358018,0.0004994646183384271,1-5-6
2025-08-17-07-20,2025-08-17,5,1-5-2,0.00492738208874949,202.9475250728502,0.1251735068519186,0.12467404223358018,0.0004994646183384271,1-5-6
2025-08-17-07-20,2025-08-17,6,1-6-5,0.002172434795393075,460.3130101398797,0.1251735068519186,0.12467404223358018,0.0004994646183384271,1-5-6
2025-08-17-07-20,2025-08-17,7,1-3-5,0.0021293433196539935,469.6283547936715,0.1251735068519186,0.12467404223358018,0.0004994646183384271,1-5-6
2025-08-17-07-20,2025-08-17,8,5-1-2,0.00010756940756915062,9296.32339340675,0.1251735068519186,0.12467404223358018,0.0004994646183384271,1-5-6
2025-08-17-07-20,2025-08-17,9,6-1-5,4.641966137681256e-05,21542.595752314508,0.1251735068519186,0.12467404223358018,0.0004994646183384271,1-5-6
2025-08-17-07-20,2025-08-17,10,3-1-5,4.549885826830592e-05,21978.573486460224,0.1251735068519186,0.12467404223358018,0.0004994646183384271,1-5-6
2025-08-29-07-20,2025-08-29,1,2-5-1,0.4296391270496371,2.327534754264753,0.08046724418507424,0.07412826675041748,0.0063389774346567646,2-5-1
2025-08-29-07-20,2025-08-29,2,2-1-5,0.21653250705685567,4.618244223891181,0.08046724418507424,0.07412826675041748,0.0063389774346567646,2-5-1
2025-08-29-07-20,2025-08-29,3,2-5-4,0.18959821649777905,5.274311217013552,0.08046724418507424,0.07412826675041748,0.0063389774346567646,2-5-1
2025-08-29-07-20,2025-08-29,4,2-4-5,0.08002296232208028,12.496413166700224,0.08046724418507424,0.07412826675041748,0.0063389774346567646,2-5-1
2025-08-29-07-20,2025-08-29,5,2-1-4,0.03935907807956137,25.40709916981735,0.08046724418507424,0.07412826675041748,0.0063389774346567646,2-5-1
2025-08-29-07-20,2025-08-29,6,2-4-1,0.03296142773149484,30.338491649877597,0.08046724418507424,0.07412826675041748,0.0063389774346567646,2-5-1
2025-08-29-07-20,2025-08-29,7,2-5-3,0.0040525054016598595,246.76092956974506,0.08046724418507424,0.07412826675041748,0.0063389774346567646,2-5-1
2025-08-29-07-20,2025-08-29,8,5-2-1,0.0018353285094504655,544.8615846431875,0.08046724418507424,0.07412826675041748,0.0063389774346567646,2-5-1
2025-08-29-07-20,2025-08-29,9,2-3-5,0.0015195079468234435,658.1077789626021,0.08046724418507424,0.07412826675041748,0.0063389774346567646,2-5-1
2025-08-29-07-20,2025-08-29,10,1-2-5,0.0009235292910970383,1082.8026892488965,0.08046724418507424,0.07412826675041748,0.0063389774346567646,2-5-1
2025-08-12-05-20,2025-08-12,1,1-2-3,0.4541546870062934,2.2018929422303697,0.13706258664589,0.12628997005092044,0.010772616594969558,1-2-3
2025-08-12-05-20,2025-08-12,2,2-1-3,0.23787604575183796,4.203870115796531,0.13706258664589,0.12628997005092044,0.010772616594969558,1-2-3
2025-08-12-05-20,2025-08-12,3,1-3-2,0.16704819169136761,5.986296468551812,0.13706258664589,0.12628997005092044,0.010772616594969558,1-2-3
2025-08-12-05-20,2025-08-12,4,3-1-2,0.07044300847453705,14.195872971005615,0.13706258664589,0.12628997005092044,0.010772616594969558,1-2-3
2025-08-12-05-20,2025-08-12,5,2-3-1,0.03899792638753388,25.64238903532217,0.13706258664589,0.12628997005092044,0.010772616594969558,1-2-3
2025-08-12-05-20,2025-08-12,6,3-2-1,0.031397185724680234,31.849988364209818,0.13706258664589,0.12628997005092044,0.010772616594969558,1-2-3
2025-08-12-05-20,2025-08-12,7,1-2-4,3.0139968595081908e-05,33178.53490275949,0.13706258664589,0.12628997005092044,0.010772616594969558,1-2-3
2025-08-12-05-20,2025-08-12,8,2-1-4,1.578664000088435e-05,63344.70159223122,0.13706258664589,0.12628997005092044,0.010772616594969558,1-2-3
2025-08-12-05-20,2025-08-12,9,1-4-2,8.105271918209504e-06,123376.4900290853,0.13706258664589,0.12628997005092044,0.010772616594969558,1-2-3
2025-08-12-05-20,2025-08-12,10,1-3-4,4.077540098412521e-06,245245.90215294823,0.13706258664589,0.12628997005092044,0.010772616594969558,1-2-3
2025-08-30-06-20,2025-08-30,1,1-5-2,0.469830233774033,2.128428372876818,0.09258875051347594,0.09223823196113215,0.0003505185523437898,1-5-2
2025-08-30-06-20,2025-08-30,2,1-5-3,0.46100399867132064,2.169178581708928,0.09258875051347594,0.09223823196113215,0.0003505185523437898,1-5-2
2025-08-30-06-20,2025-08-30,3,1-2-5,0.017074007792464027,58.56855708132985,0.09258875051347594,0.09223823196113215,0.0003505185523437898,1-5-2
2025-08-30-06-20,2025-08-30,4,1-3-5,0.016747510416757053,59.710367398812316,0.09258875051347594,0.09223823196113215,0.0003505185523437898,1-5-2
2025-08-30-06-20,2025-08-30,5,5-1-2,0.01468355246862735,68.10341040675166,0.09258875051347594,0.09223823196113215,0.0003505185523437898,1-5-2
2025-08-30-06-20,2025-08-30,6,5-1-3,0.014407707116594408,69.407296518974,0.09258875051347594,0.09223823196113215,0.0003505185523437898,1-5-2
2025-08-30-06-20,2025-08-30,7,1-5-6,0.004216687210426641,237.15299477924066,0.09258875051347594,0.09223823196113215,0.0003505185523437898,1-5-2
2025-08-30-06-20,2025-08-30,8,2-1-5,0.0005182828003114803,1929.448554725364,0.09258875051347594,0.09223823196113215,0.0003505185523437898,1-5-2
2025-08-30-06-20,2025-08-30,9,3-1-5,0.0005083667491768775,1967.0838063645012,0.09258875051347594,0.09223823196113215,0.0003505185523437898,1-5-2
2025-08-30-06-20,2025-08-30,10,1-2-3,0.00031154571866741306,3209.8017725210284,0.09258875051347594,0.09223823196113215,0.0003505185523437898,1-5-2
2025-08-12-09-20,2025-08-12,1,4-1-2,0.6417783495755831,1.5581703568861645,0.10130414870229426,0.09398341731180651,0.00732073139048775,4-1-2
2025-08-12-09-20,2025-08-12,2,4-2-1,0.3179307524022034,3.1453390162614214,0.10130414870229426,0.09398341731180651,0.00732073139048775,4-1-2
2025-08-12-09-20,2025-08-12,3,4-1-5,0.018368757345637577,54.44026404091464,0.10130414870229426,0.09398341731180651,0.00732073139048775,4-1-2
2025-08-12-09-20,2025-08-12,4,4-5-1,0.006206785409486467,161.11399605850679,0.10130414870229426,0.09398341731180651,0.00732073139048775,4-1-2
2025-08-12-09-20,2025-08-12,5,4-2-5,0.004435292358297891,225.46428041640186,0.10130414870229426,0.09398341731180651,0.00732073139048775,4-1-2
2025-08-12-09-20,2025-08-12,6,4-5-2,0.003025253206377641,330.5508437746187,0.10130414870229426,0.09398341731180651,0.00732073139048775,4-1-2
2025-08-12-09-20,2025-08-12,7,1-4-2,0.002550417063792787,392.09273424201285,0.10130414870229426,0.09398341731180651,0.00732073139048775,4-1-2
2025-08-12-09-20,2025-08-12,8,4-1-3,0.002369875490999515,421.96309628833774,0.10130414870229426,0.09398341731180651,0.00732073139048775,4-1-2
2025-08-12-09-20,2025-08-12,9,2-4-1,0.001261742018696087,792.5550430930587,0.10130414870229426,0.09398341731180651,0.00732073139048775,4-1-2
2025-08-12-09-20,2025-08-12,10,4-3-1,0.000794298143586215,1258.9731048407739,0.10130414870229426,0.09398341731180651,0.00732073139048775,4-1-2
2025-08-31-06-20,2025-08-31,1,1-5-2,0.3532788913252268,2.830624825187772,0.053755291095723315,0.05344281131364561,0.0003124797820777056,1-5-2
2025-08-31-06-20,2025-08-31,2,5-1-2,0.33166717227073933,3.015070780606836,0.053755291095723315,0.05344281131364561,0.0003124797820777056,1-5-2
2025-08-31-06-20,2025-08-31,3,1-5-4,0.07194069522052139,13.900338284675705,0.053755291095723315,0.05344281131364561,0.0003124797820777056,1-5-2
2025-08-31-06-20,2025-08-31,4,5-1-4,0.06753974704086038,14.806096318291173,0.053755291095723315,0.05344281131364561,0.0003124797820777056,1-5-2
2025-08-31-06-20,2025-08-31,5,1-2-5,0.03918827195239035,25.5178386333262,0.053755291095723315,0.05344281131364561,0.0003124797820777056,1-5-2
2025-08-31-06-20,2025-08-31,6,5-2-1,0.03435337960478721,29.109217535635068,0.053755291095723315,0.05344281131364561,0.0003124797820777056,1-5-2
2025-08-31-06-20,2025-08-31,7,2-1-5,0.020826810211651905,48.01503397964098,0.053755291095723315,0.05344281131364561,0.0003124797820777056,1-5-2
2025-08-31-06-20,2025-08-31,8,2-5-1,0.019446941837692657,51.42196692653081,0.053755291095723315,0.05344281131364561,0.0003124797820777056,1-5-2
2025-08-31-06-20,2025-08-31,9,1-5-3,0.015450160195871823,64.72424798981652,0.053755291095723315,0.05344281131364561,0.0003124797820777056,1-5-2
2025-08-31-06-20,2025-08-31,10,5-1-3,0.014505001768071459,68.94173582254977,0.053755291095723315,0.05344281131364561,0.0003124797820777056,1-5-2
2025-08-29-10-20,2025-08-29,1,2-1-4,0.3402664213402729,2.938873592231368,0.08453668228841513,0.07810063437387064,0.006436047914544482,2-1-4
2025-08-29-10-20,2025-08-29,2,2-1-3,0.22267899772277497,4.490769269785171,0.08453668228841513,0.07810063437387064,0.006436047914544482,2-1-4
2025-08-29-10-20,2025-08-29,3,2-4-1,0.1971259880310392,5.072897845628256,0.08453668228841513,0.07810063437387064,0.006436047914544482,2-1-4
2025-08-29-10-20,2025-08-29,4,2-3-1,0.11507874458889274,8.689702025968389,0.08453668228841513,0.07810063437387064,0.006436047914544482,2-1-4
2025-08-29-10-20,2025-08-29,5,2-4-3,0.05860238740681008,17.06415121039577,0.08453668228841513,0.07810063437387064,0.006436047914544482,2-1-4
2025-08-29-10-20,2025-08-29,6,2-3-4,0.05227648483479228,19.129059713182098,0.08453668228841513,0.07810063437387064,0.006436047914544482,2-1-4
2025-08-29-10-20,2025-08-29,7,1-2-4,0.00478891551008808,208.8155445410244,0.08453668228841513,0.07810063437387064,0.006436047914544482,2-1-4
2025-08-29-10-20,2025-08-29,8,1-2-3,0.003133988072537589,319.0822609577771,0.08453668228841513,0.07810063437387064,0.006436047914544482,2-1-4
2025-08-29-10-20,2025-08-29,9,4-2-1,0.0027622420158447186,362.0247589689171,0.08453668228841513,0.07810063437387064,0.006436047914544482,2-1-4
2025-08-29-10-20,2025-08-29,10,3-2-1,0.0016105265235450386,620.914952582608,0.08453668228841513,0.07810063437387064,0.006436047914544482,2-1-4
2025-08-15-09-20,2025-08-15,1,1-4-3,0.9314553693456176,1.0735887439271916,0.20778131721638612,0.13965925827209885,0.06812205894428727,1-4-3
2025-08-15-09-20,2025-08-15,2,4-1-3,0.05321907127041462,18.79025650257668,0.20778131721638612,0.13965925827209885,0.06812205894428727,1-4-3
2025-08-15-09-20,2025-08-15,3,1-4-6,0.008034383381188594,124.4650588048067,0.20778131721638612,0.13965925827209885,0.06812205894428727,1-4-3
2025-08-15-09-20,2025-08-15,4,1-3-4,0.006361578035719013,157.19370168615336,0.20778131721638612,0.13965925827209885,0.06812205894428727,1-4-3
2025-08-15-09-20,2025-08-15,5,4-1-6,0.00045904767512124946,2178.4229704155837,0.20778131721638612,0.13965925827209885,0.06812205894428727,1-4-3
2025-08-15-09-20,2025-08-15,6,3-1-4,0.00034407783705077286,2906.319129913729,0.20778131721638612,0.13965925827209885,0.06812205894428727,1-4-3
2025-08-15-09-20,2025-08-15,7,1-6-4,5.4506689314035135e-05,18346.372024882938,0.20778131721638612,0.13965925827209885,0.06812205894428727,1-4-3
2025-08-15-09-20,2025-08-15,8,4-3-1,2.0635334243943607e-05,48460.56711165201,0.20778131721638612,0.13965925827209885,0.06812205894428727,1-4-3
2025-08-15-09-20,2025-08-15,9,3-4-1,1.953431144166089e-05,51191.97587212093,0.20778131721638612,0.13965925827209885,0.06812205894428727,1-4-3
2025-08-15-09-20,2025-08-15,10,1-4-5,1.7135835565713633e-05,58357.235990339315,0.20778131721638612,0.13965925827209885,0.06812205894428727,1-4-3
2025-08-30-03-20,2025-08-30,1,3-1-4,0.7925208621489618,1.261796436864069,0.1367074766157969,0.10847256361135427,0.02823491300444264,3-1-4
2025-08-30-03-20,2025-08-30,2,1-3-4,0.14981845387488024,6.674745160800701,0.1367074766157969,0.10847256361135427,0.02823491300444264,3-1-4
2025-08-30-03-20,2025-08-30,3,3-1-2,0.03445768290416541,29.021104024354322,0.1367074766157969,0.10847256361135427,0.02823491300444264,3-1-4
2025-08-30-03-20,2025-08-30,4,3-1-6,0.007361886397035202,135.83475023503794,0.1367074766157969,0.10847256361135427,0.02823491300444264,3-1-4
2025-08-30-03-20,2025-08-30,5,1-3-2,0.006513893858661142,153.51800654079722,0.1367074766157969,0.10847256361135427,0.02823491300444264,3-1-4
2025-08-30-03-20,2025-08-30,6,3-1-5,0.0061398395066316995,162.8707067863729,0.1367074766157969,0.10847256361135427,0.02823491300444264,3-1-4
2025-08-30-03-20,2025-08-30,7,1-3-6,0.0013916938850235812,718.5488208012466,0.1367074766157969,0.10847256361135427,0.02823491300444264,3-1-4
2025-08-30-03-20,2025-08-30,8,1-3-5,0.0011606776627043189,861.5656457711539,0.1367074766157969,0.10847256361135427,0.02823491300444264,3-1-4
2025-08-30-03-20,2025-08-30,9,3-4-1,0.0004888660941813098,2045.5499203205566,0.1367074766157969,0.10847256361135427,0.02823491300444264,3-1-4
2025-08-30-03-20,2025-08-30,10,4-3-1,7.77375106539115e-05,12863.802707190023,0.1367074766157969,0.10847256361135427,0.02823491300444264,3-1-4
2025-08-30-04-20,2025-08-30,1,4-1-3,0.7514309672150825,1.3307942361041523,0.11947275667651426,0.09823056860087369,0.021242188075640572,4-1-3
2025-08-30-04-20,2025-08-30,2,1-4-3,0.15295570766336195,6.53784036749309,0.11947275667651426,0.09823056860087369,0.021242188075640572,4-1-3
2025-08-30-04-20,2025-08-30,3,4-1-5,0.04767043034860144,20.977364640664256,0.11947275667651426,0.09823056860087369,0.021242188075640572,4-1-3
2025-08-30-04-20,2025-08-30,4,4-1-2,0.02699574900639524,37.042869222228354,0.11947275667651426,0.09823056860087369,0.021242188075640572,4-1-3
2025-08-30-04-20,2025-08-30,5,1-4-5,0.009703438807706601,103.05624838956955,0.11947275667651426,0.09823056860087369,0.021242188075640572,4-1-3
2025-08-30-04-20,2025-08-30,6,1-4-2,0.00549505420102522,181.98182646013365,0.11947275667651426,0.09823056860087369,0.021242188075640572,4-1-3
2025-08-30-04-20,2025-08-30,7,4-3-1,0.004197781668623399,238.22106029824445,0.11947275667651426,0.09823056860087369,0.021242188075640572,4-1-3
2025-08-30-04-20,2025-08-30,8,3-4-1,0.0007112326399676609,1406.0097130039885,0.11947275667651426,0.09823056860087369,0.021242188075640572,4-1-3
2025-08-30-04-20,2025-08-30,9,4-5-1,0.00026504394290456467,3772.959264947525,0.11947275667651426,0.09823056860087369,0.021242188075640572,4-1-3
2025-08-30-04-20,2025-08-30,10,1-3-4,0.00017322834281291487,5772.72739415392,0.11947275667651426,0.09823056860087369,0.021242188075640572,4-1-3
2025-08-12-04-20,2025-08-12,1,2-1-5,0.4499675644033822,2.2223824095541485,0.09373784426831365,0.09144721269787322,0.0022906315704404323,2-1-5
2025-08-12-04-20,2025-08-12,2,2-1-3,0.3976113423959583,2.5150187969340108,0.09373784426831365,0.09144721269787322,0.0022906315704404323,2-1-5
2025-08-12-04-20,2025-08-12,3,1-2-5,0.07113549508773985,14.057679626276324,0.09373784426831365,0.09144721269787322,0.0022906315704404323,2-1-5
2025-08-12-04-20,2025-08-12,4,1-2-3,0.06285848565849368,15.908751054438998,0.09373784426831365,0.09144721269787322,0.0022906315704404323,2-1-5
2025-08-12-04-20,2025-08-12,5,2-5-1,0.006683809906735323,149.61526643543422,0.09373784426831365,0.09144721269787322,0.0022906315704404323,2-1-5
2025-08-12-04-20,2025-08-12,6,2-3-1,0.005900715884066923,169.47096244714882,0.09373784426831365,0.09144721269787322,0.0022906315704404323,2-1-5
2025-08-12-04-20,2025-08-12,7,2-1-4,0.002913780530834872,343.1967471185878,0.09373784426831365,0.09144721269787322,0.0022906315704404323,2-1-5
2025-08-12-04-20,2025-08-12,8,5-2-1,0.0009152187646485817,1092.6349400014453,0.09373784426831365,0.09144721269787322,0.0022906315704404323,2-1-5
2025-08-12-04-20,2025-08-12,9,3-2-1,0.0008078887849928895,1237.7941352519226,0.09373784426831365,0.09144721269787322,0.0022906315704404323,2-1-5
2025-08-12-04-20,2025-08-12,10,1-2-4,0.0004606403595174293,2170.890976742916,0.09373784426831365,0.09144721269787322,0.0022906315704404323,2-1-5
2025-08-29-08-20,2025-08-29,1,2-1-3,0.34701592794233216,2.881712104483521,0.05547937495693863,0.05250547235217737,0.0029739026047612624,2-1-3
2025-08-29-08-20,2025-08-29,2,1-2-3,0.20506996705875657,4.876384457181292,0.05547937495693863,0.05250547235217737,0.0029739026047612624,2-1-3
2025-08-29-08-20,2025-08-29,3,2-3-1,0.16539932632300455,6.045973839380234,0.05547937495693863,0.05250547235217737,0.0029739026047612624,2-1-3
2025-08-29-08-20,2025-08-29,4,3-2-1,0.08036776268892262,12.442800030040324,0.05547937495693863,0.05250547235217737,0.0029739026047612624,2-1-3
2025-08-29-08-20,2025-08-29,5,1-3-2,0.04911201179891408,20.361617522296473,0.05547937495693863,0.05250547235217737,0.0029739026047612624,2-1-3
2025-08-29-08-20,2025-08-29,6,3-1-2,0.04038157134679463,24.763771360258794,0.05547937495693863,0.05250547235217737,0.0029739026047612624,2-1-3
2025-08-29-08-20,2025-08-29,7,2-1-5,0.03697090185429279,27.048298792957016,0.05547937495693863,0.05250547235217737,0.0029739026047612624,2-1-3
2025-08-29-08-20,2025-08-29,8,1-2-5,0.02184805080950715,45.77067349023426,0.05547937495693863,0.05250547235217737,0.0029739026047612624,2-1-3
2025-08-29-08-20,2025-08-29,9,2-5-1,0.012726018311093977,78.57917343465115,0.05547937495693863,0.05250547235217737,0.0029739026047612624,2-1-3
2025-08-29-08-20,2025-08-29,10,2-3-5,0.007953579056524525,125.72956060324493,0.05547937495693863,0.05250547235217737,0.0029739026047612624,2-1-3
2025-08-11-10-20,2025-08-11,1,5-1-3,0.661406290028533,1.511929981731592,0.16277556764700998,0.14115310220297345,0.021622465444036537,5-1-3
2025-08-11-10-20,2025-08-11,2,1-5-3,0.23735461478801378,4.213105360909541,0.16277556764700998,0.14115310220297345,0.021622465444036537,5-1-3
2025-08-11-10-20,2025-08-11,3,5-1-4,0.07324949611304755,13.651971045052353,0.16277556764700998,0.14115310220297345,0.021622465444036537,5-1-3
2025-08-11-10-20,2025-08-11,4,1-5-4,0.02628657482616091,38.04223283608561,0.16277556764700998,0.14115310220297345,0.021622465444036537,5-1-3
2025-08-11-10-20,2025-08-11,5,5-3-1,0.0008752791120735818,1142.4927045624886,0.16277556764700998,0.14115310220297345,0.021622465444036537,5-1-3
2025-08-11-10-20,2025-08-11,6,3-5-1,0.00023130670213716923,4323.26426670932,0.16277556764700998,0.14115310220297345,0.021622465444036537,5-1-3
2025-08-11-10-20,2025-08-11,7,5-1-2,0.00018844266190751183,5306.653970377487,0.16277556764700998,0.14115310220297345,0.021622465444036537,5-1-3
2025-08-11-10-20,2025-08-11,8,1-3-5,0.00011263510150386244,8878.227006043124,0.16277556764700998,0.14115310220297345,0.021622465444036537,5-1-3
2025-08-11-10-20,2025-08-11,9,5-4-1,9.683294178815323e-05,10327.064132655963,0.16277556764700998,0.14115310220297345,0.021622465444036537,5-1-3
2025-08-11-10-20,2025-08-11,10,3-1-5,8.294420479344713e-05,12056.297392810779,0.16277556764700998,0.14115310220297345,0.021622465444036537,5-1-3
2025-08-12-06-20,2025-08-12,1,2-3-1,0.49080476995144384,2.037470010935166,0.10535673486888406,0.09521817692261951,0.010138557946264545,2-3-1
2025-08-12-06-20,2025-08-12,2,2-3-5,0.2959351629019346,3.3791185548686373,0.10535673486888406,0.09521817692261951,0.010138557946264545,2-3-1
2025-08-12-06-20,2025-08-12,3,2-3-4,0.19276206958386752,5.187742599769696,0.10535673486888406,0.09521817692261951,0.010138557946264545,2-3-1
2025-08-12-06-20,2025-08-12,4,3-2-1,0.00698940003518844,143.07379674442103,0.10535673486888406,0.09521817692261951,0.010138557946264545,2-3-1
2025-08-12-06-20,2025-08-12,5,3-2-5,0.004214321792766826,237.28610418794588,0.10535673486888406,0.09521817692261951,0.010138557946264545,2-3-1
2025-08-12-06-20,2025-08-12,6,2-1-3,0.0032242412018335114,310.1504935273873,0.10535673486888406,0.09521817692261951,0.010138557946264545,2-3-1
2025-08-12-06-20,2025-08-12,7,3-2-4,0.002745065448458803,364.2900392635238,0.10535673486888406,0.09521817692261951,0.010138557946264545,2-3-1
2025-08-12-06-20,2025-08-12,8,2-5-3,0.0019415478169343874,515.0529857044432,0.10535673486888406,0.09521817692261951,0.010138557946264545,2-3-1
2025-08-12-06-20,2025-08-12,9,2-4-3,0.001263784669372819,791.2740391891857,0.10535673486888406,0.09521817692261951,0.010138557946264545,2-3-1
2025-08-12-06-20,2025-08-12,10,1-2-3,4.527699056168959e-05,22086.27357062318,0.10535673486888406,0.09521817692261951,0.010138557946264545,2-3-1
2025-08-31-03-20,2025-08-31,1,1-2-3,0.61637360145851,1.6223926489287084,0.09079774885736618,0.07187608957402873,0.018921659283337444,1-2-3
2025-08-31-03-20,2025-08-31,2,1-2-6,0.17453450970200912,5.729525935629272,0.09079774885736618,0.07187608957402873,0.018921659283337444,1-2-3
2025-08-31-03-20,2025-08-31,3,1-3-2,0.0928583099131542,10.76909542005719,0.09079774885736618,0.07187608957402873,0.018921659283337444,1-2-3
2025-08-31-03-20,2025-08-31,4,2-1-3,0.05713933858717258,17.5010776240328,0.09079774885736618,0.07187608957402873,0.018921659283337444,1-2-3
2025-08-31-03-20,2025-08-31,5,1-6-2,0.024252962043708186,41.23207706332202,0.09079774885736618,0.07187608957402873,0.018921659283337444,1-2-3
2025-08-31-03-20,2025-08-31,6,2-1-6,0.016179775417718884,61.80555503291316,0.09079774885736618,0.07187608957402873,0.018921659283337444,1-2-3
2025-08-31-03-20,2025-08-31,7,3-1-2,0.008041553611090784,124.35407986596219,0.09079774885736618,0.07187608957402873,0.018921659283337444,1-2-3
2025-08-31-03-20,2025-08-31,8,1-3-6,0.003193208559415519,313.1646371958363,0.09079774885736618,0.07187608957402873,0.018921659283337444,1-2-3
2025-08-31-03-20,2025-08-31,9,1-6-3,0.00294533037785039,339.5204855524006,0.09079774885736618,0.07187608957402873,0.018921659283337444,1-2-3
2025-08-31-03-20,2025-08-31,10,6-1-2,0.0020867022890184803,479.2250457876139,0.09079774885736618,0.07187608957402873,0.018921659283337444,1-2-3
2025-08-16-05-20,2025-08-16,1,1-2-4,0.8777942637028683,1.1392191101609865,0.1365282120044552,0.09801775389376029,0.03851045811069491,1-2-4
2025-08-16-05-20,2025-08-16,2,1-2-3,0.05831525571297666,17.148171396554023,0.1365282120044552,0.09801775389376029,0.03851045811069491,1-2-4
2025-08-16-05-20,2025-08-16,3,1-4-2,0.051566479849782826,19.392442588927494,0.1365282120044552,0.09801775389376029,0.03851045811069491,1-2-4
2025-08-16-05-20,2025-08-16,4,2-1-4,0.00444438942647217,225.002785319326,0.1365282120044552,0.09801775389376029,0.03851045811069491,1-2-4
2025-08-16-05-20,2025-08-16,5,1-2-5,0.0034383605577538888,290.83628176948685,0.1365282120044552,0.09801775389376029,0.03851045811069491,1-2-4
2025-08-16-05-20,2025-08-16,6,1-3-2,0.003258786522742491,306.862690458911,0.1365282120044552,0.09801775389376029,0.03851045811069491,1-2-4
2025-08-16-05-20,2025-08-16,7,2-1-3,0.00029525791704251186,3386.8693853042996,0.1365282120044552,0.09801775389376029,0.03851045811069491,1-2-4
2025-08-16-05-20,2025-08-16,8,4-1-2,0.0002599137408579346,3847.4302924468575,0.1365282120044552,0.09801775389376029,0.03851045811069491,1-2-4
2025-08-16-05-20,2025-08-16,9,1-5-2,0.00019151815114081455,5221.437206047095,0.1365282120044552,0.09801775389376029,0.03851045811069491,1-2-4
2025-08-16-05-20,2025-08-16,10,1-4-3,0.00018874854334691943,5298.054132062901,0.1365282120044552,0.09801775389376029,0.03851045811069491,1-2-4
2025-08-09-12-20,2025-08-09,1,1-2-3,0.33432492397611835,2.9911021532795816,0.0883077790462634,0.08724796232937893,0.0010598167168844735,1-2-3
2025-08-09-12-20,2025-08-09,2,2-1-3,0.3012738856635505,3.3192388971832636,0.0883077790462634,0.08724796232937893,0.0010598167168844735,1-2-3
2025-08-09-12-20,2025-08-09,3,1-2-5,0.18603969734920336,5.375196875981598,0.0883077790462634,0.08724796232937893,0.0010598167168844735,1-2-3
2025-08-09-12-20,2025-08-09,4,2-1-5,0.16764799298083186,5.964879043403375,0.0883077790462634,0.08724796232937893,0.0010598167168844735,1-2-3
2025-08-09-12-20,2025-08-09,5,1-2-4,0.002444133460902719,409.1429604791953,0.0883077790462634,0.08724796232937893,0.0010598167168844735,1-2-3
2025-08-09-12-20,2025-08-09,6,2-1-4,0.0022025087932093968,454.0276992687257,0.0883077790462634,0.08724796232937893,0.0010598167168844735,1-2-3
2025-08-09-12-20,2025-08-09,7,1-3-2,0.001416114816242728,706.1574305487641,0.0883077790462634,0.08724796232937893,0.0010598167168844735,1-2-3
2025-08-09-12-20,2025-08-09,8,2-3-1,0.0011496553427879515,869.825905888427,0.0883077790462634,0.08724796232937893,0.0010598167168844735,1-2-3
2025-08-09-12-20,2025-08-09,9,1-5-2,0.000787071005290998,1270.5333994996772,0.0883077790462634,0.08724796232937893,0.0010598167168844735,1-2-3
2025-08-09-12-20,2025-08-09,10,3-1-2,0.000673449269686656,1484.8928419883537,0.0883077790462634,0.08724796232937893,0.0010598167168844735,1-2-3
2025-08-29-05-20,2025-08-29,1,3-1-4,0.5393049559860201,1.8542384765808124,0.09562127736147534,0.09113444698122637,0.004486830380248968,3-1-4
2025-08-29-05-20,2025-08-29,2,1-3-4,0.34239641625398276,2.9205913161725974,0.09562127736147534,0.09113444698122637,0.004486830380248968,3-1-4
2025-08-29-05-20,2025-08-29,3,3-4-1,0.04428632236817663,22.580335113095376,0.09562127736147534,0.09113444698122637,0.004486830380248968,3-1-4
2025-08-29-05-20,2025-08-29,4,4-3-1,0.01826198588930434,54.75855725995709,0.09562127736147534,0.09113444698122637,0.004486830380248968,3-1-4
2025-08-29-05-20,2025-08-29,5,1-4-3,0.017344832818654673,57.65405815410814,0.09562127736147534,0.09113444698122637,0.004486830380248968,3-1-4
2025-08-29-05-20,2025-08-29,6,3-1-2,0.014871957791607302,67.24064269227084,0.09562127736147534,0.09113444698122637,0.004486830380248968,3-1-4
2025-08-29-05-20,2025-08-29,7,4-1-3,0.011265583863077404,88.76592746137806,0.09562127736147534,0.09113444698122637,0.004486830380248968,3-1-4
2025-08-29-05-20,2025-08-29,8,1-3-2,0.009441977111478341,105.91002161870618,0.09562127736147534,0.09113444698122637,0.004486830380248968,3-1-4
2025-08-29-05-20,2025-08-29,9,3-2-1,0.001133195122928047,882.4605575570375,0.09562127736147534,0.09113444698122637,0.004486830380248968,3-1-4
2025-08-29-05-20,2025-08-29,10,1-2-3,0.00045642582214110454,2190.936514741817,0.09562127736147534,0.09113444698122637,0.004486830380248968,3-1-4
2025-08-31-02-20,2025-08-31,1,4-3-1,0.1319903478147897,7.576311575473769,0.049936113235088314,0.04906715509529065,0.0008689581397976626,4-3-1
2025-08-31-02-20,2025-08-31,2,4-3-6,0.12089904898623406,8.271363657408612,0.049936113235088314,0.04906715509529065,0.0008689581397976626,4-3-1
2025-08-31-02-20,2025-08-31,3,4-1-3,0.11302199524240687,8.847835307235764,0.049936113235088314,0.04906715509529065,0.0008689581397976626,4-3-1
2025-08-31-02-20,2025-08-31,4,4-6-3,0.09977745096107986,10.022304542436842,0.049936113235088314,0.04906715509529065,0.0008689581397976626,4-3-1
2025-08-31-02-20,2025-08-31,5,4-1-6,0.07833544429006735,12.765613434157753,0.049936113235088314,0.04906715509529065,0.0008689581397976626,4-3-1
2025-08-31-02-20,2025-08-31,6,4-6-1,0.07550001439403917,13.245030587423987,0.049936113235088314,0.04906715509529065,0.0008689581397976626,4-3-1
2025-08-31-02-20,2025-08-31,7,3-4-1,0.05945242975837229,16.82017041295401,0.049936113235088314,0.04906715509529065,0.0008689581397976626,4-3-1
2025-08-31-02-20,2025-08-31,8,3-4-6,0.05445657456554331,18.363255639526344,0.049936113235088314,0.04906715509529065,0.0008689581397976626,4-3-1
2025-08-31-02-20,2025-08-31,9,1-4-3,0.048728529313314756,20.521858839001663,0.049936113235088314,0.04906715509529065,0.0008689581397976626,4-3-1
2025-08-31-02-20,2025-08-31,10,6-4-3,0.04254218426047262,23.506080314948328,0.049936113235088314,0.04906715509529065,0.0008689581397976626,4-3-1
2025-08-15-11-20,2025-08-15,1,3-1-2,0.9588452717730069,1.0429211359105872,0.2518397921066061,0.15391808434173557,0.09792170776487055,3-1-2
2025-08-15-11-20,2025-08-15,2,1-3-2,0.037219092022623114,26.867931098162302,0.2518397921066061,0.15391808434173557,0.09792170776487055,3-1-2
2025-08-15-11-20,2025-08-15,3,3-1-4,0.0017204381972026328,581.2472669032587,0.2518397921066061,0.15391808434173557,0.09792170776487055,3-1-2
2025-08-15-11-20,2025-08-15,4,3-2-1,0.0016237314970971727,615.8653704678088,0.2518397921066061,0.15391808434173557,0.09792170776487055,3-1-2
2025-08-15-11-20,2025-08-15,5,3-1-6,0.0004355688496453373,2295.848293132651,0.2518397921066061,0.15391808434173557,0.09792170776487055,3-1-2
2025-08-15-11-20,2025-08-15,6,1-3-4,6.678152301102399e-05,14974.201768877369,0.2518397921066061,0.15391808434173557,0.09792170776487055,3-1-2
2025-08-15-11-20,2025-08-15,7,2-3-1,6.068025501356895e-05,16479.825270615394,0.2518397921066061,0.15391808434173557,0.09792170776487055,3-1-2
2025-08-15-11-20,2025-08-15,8,1-3-6,1.6907292108935526e-05,59146.076944604196,0.2518397921066061,0.15391808434173557,0.09792170776487055,3-1-2
2025-08-15-11-20,2025-08-15,9,3-4-1,2.908525672308384e-06,343816.80365445727,0.2518397921066061,0.15391808434173557,0.09792170776487055,3-1-2
2025-08-15-11-20,2025-08-15,10,3-1-5,2.8155189229801834e-06,355174.31328130286,0.2518397921066061,0.15391808434173557,0.09792170776487055,3-1-2
